name,version,resolved
@adobe/css-tools,4.4.4,https://registry.npmjs.org/@adobe/css-tools/-/css-tools-4.4.4.tgz
@alloc/quick-lru,5.2.0,https://registry.npmjs.org/@alloc/quick-lru/-/quick-lru-5.2.0.tgz
@ampproject/remapping,2.2.1,https://registry.npmjs.org/@ampproject/remapping/-/remapping-2.2.1.tgz
@apideck/better-ajv-errors,0.3.6,https://registry.npmjs.org/@apideck/better-ajv-errors/-/better-ajv-errors-0.3.6.tgz
@atlaskit/adf-schema,48.0.0,https://registry.npmjs.org/@atlaskit/adf-schema/-/adf-schema-48.0.0.tgz
@atlaskit/analytics-next,11.1.3,https://registry.npmjs.org/@atlaskit/analytics-next/-/analytics-next-11.1.3.tgz
@atlaskit/analytics-next-stable-react-context,1.0.1,https://registry.npmjs.org/@atlaskit/analytics-next-stable-react-context/-/analytics-next-stable-react-context-1.0.1.tgz
@atlaskit/app-provider,3.3.2,https://registry.npmjs.org/@atlaskit/app-provider/-/app-provider-3.3.2.tgz
@atlaskit/atlassian-context,0.2.0,https://registry.npmjs.org/@atlaskit/atlassian-context/-/atlassian-context-0.2.0.tgz
@atlaskit/browser-apis,0.0.1,https://registry.npmjs.org/@atlaskit/browser-apis/-/browser-apis-0.0.1.tgz
@atlaskit/button,23.9.4,https://registry.npmjs.org/@atlaskit/button/-/button-23.9.4.tgz
@atlaskit/codemod-utils,4.2.5,https://registry.npmjs.org/@atlaskit/codemod-utils/-/codemod-utils-4.2.5.tgz
@atlaskit/css,0.17.1,https://registry.npmjs.org/@atlaskit/css/-/css-0.17.1.tgz
@atlaskit/css,0.19.1,https://registry.npmjs.org/@atlaskit/css/-/css-0.19.1.tgz
@atlaskit/css-reset,6.16.0,https://registry.npmjs.org/@atlaskit/css-reset/-/css-reset-6.16.0.tgz
@atlaskit/ds-lib,2.7.0,https://registry.npmjs.org/@atlaskit/ds-lib/-/ds-lib-2.7.0.tgz
@atlaskit/ds-lib,3.5.1,https://registry.npmjs.org/@atlaskit/ds-lib/-/ds-lib-3.5.1.tgz
@atlaskit/ds-lib,5.3.0,https://registry.npmjs.org/@atlaskit/ds-lib/-/ds-lib-5.3.0.tgz
@atlaskit/editor-prosemirror,7.2.2,https://registry.npmjs.org/@atlaskit/editor-prosemirror/-/editor-prosemirror-7.2.2.tgz
@atlaskit/feature-gate-js-client,4.26.5,https://registry.npmjs.org/@atlaskit/feature-gate-js-client/-/feature-gate-js-client-4.26.5.tgz
@atlaskit/focus-ring,3.0.9,https://registry.npmjs.org/@atlaskit/focus-ring/-/focus-ring-3.0.9.tgz
@atlaskit/icon,29.4.2,N/A
@atlaskit/interaction-context,3.1.0,https://registry.npmjs.org/@atlaskit/interaction-context/-/interaction-context-3.1.0.tgz
@atlaskit/layering,3.6.0,https://registry.npmjs.org/@atlaskit/layering/-/layering-3.6.0.tgz
@atlaskit/motion,5.3.10,https://registry.npmjs.org/@atlaskit/motion/-/motion-5.3.10.tgz
@atlaskit/platform-feature-flags,0.3.0,N/A
@atlaskit/platform-feature-flags,1.1.1,N/A
@atlaskit/popper,7.1.7,https://registry.npmjs.org/@atlaskit/popper/-/popper-7.1.7.tgz
@atlaskit/portal,5.2.0,https://registry.npmjs.org/@atlaskit/portal/-/portal-5.2.0.tgz
@atlaskit/primitives,17.1.1,https://registry.npmjs.org/@atlaskit/primitives/-/primitives-17.1.1.tgz
@atlaskit/spinner,19.0.9,https://registry.npmjs.org/@atlaskit/spinner/-/spinner-19.0.9.tgz
@atlaskit/theme,16.0.0,https://registry.npmjs.org/@atlaskit/theme/-/theme-16.0.0.tgz
@atlaskit/theme,21.0.4,https://registry.npmjs.org/@atlaskit/theme/-/theme-21.0.4.tgz
@atlaskit/tokens,1.61.0,https://registry.npmjs.org/@atlaskit/tokens/-/tokens-1.61.0.tgz
@atlaskit/tokens,10.0.0,N/A
@atlaskit/tokens,3.3.2,https://registry.npmjs.org/@atlaskit/tokens/-/tokens-3.3.2.tgz
@atlaskit/tokens,8.6.1,https://registry.npmjs.org/@atlaskit/tokens/-/tokens-8.6.1.tgz
@atlaskit/tooltip,20.14.1,https://registry.npmjs.org/@atlaskit/tooltip/-/tooltip-20.14.1.tgz
@atlaskit/visually-hidden,3.0.4,N/A
@babel/code-frame,7.27.1,N/A
@babel/compat-data,7.22.5,https://registry.npmjs.org/@babel/compat-data/-/compat-data-7.22.5.tgz
@babel/core,7.22.5,https://registry.npmjs.org/@babel/core/-/core-7.22.5.tgz
@babel/eslint-parser,7.22.5,https://registry.npmjs.org/@babel/eslint-parser/-/eslint-parser-7.22.5.tgz
@babel/generator,7.28.0,N/A
@babel/helper-annotate-as-pure,7.22.5,https://registry.npmjs.org/@babel/helper-annotate-as-pure/-/helper-annotate-as-pure-7.22.5.tgz
@babel/helper-builder-binary-assignment-operator-visitor,7.22.5,https://registry.npmjs.org/@babel/helper-builder-binary-assignment-operator-visitor/-/helper-builder-binary-assignment-operator-visitor-7.22.5.tgz
@babel/helper-compilation-targets,7.22.5,https://registry.npmjs.org/@babel/helper-compilation-targets/-/helper-compilation-targets-7.22.5.tgz
@babel/helper-create-class-features-plugin,7.22.5,https://registry.npmjs.org/@babel/helper-create-class-features-plugin/-/helper-create-class-features-plugin-7.22.5.tgz
@babel/helper-create-regexp-features-plugin,7.22.5,https://registry.npmjs.org/@babel/helper-create-regexp-features-plugin/-/helper-create-regexp-features-plugin-7.22.5.tgz
@babel/helper-define-polyfill-provider,0.4.0,https://registry.npmjs.org/@babel/helper-define-polyfill-provider/-/helper-define-polyfill-provider-0.4.0.tgz
@babel/helper-environment-visitor,7.22.5,N/A
@babel/helper-function-name,7.22.5,https://registry.npmjs.org/@babel/helper-function-name/-/helper-function-name-7.22.5.tgz
@babel/helper-hoist-variables,7.22.5,https://registry.npmjs.org/@babel/helper-hoist-variables/-/helper-hoist-variables-7.22.5.tgz
@babel/helper-member-expression-to-functions,7.22.5,https://registry.npmjs.org/@babel/helper-member-expression-to-functions/-/helper-member-expression-to-functions-7.22.5.tgz
@babel/helper-module-imports,7.22.5,N/A
@babel/helper-module-transforms,7.22.5,https://registry.npmjs.org/@babel/helper-module-transforms/-/helper-module-transforms-7.22.5.tgz
@babel/helper-optimise-call-expression,7.22.5,https://registry.npmjs.org/@babel/helper-optimise-call-expression/-/helper-optimise-call-expression-7.22.5.tgz
@babel/helper-plugin-utils,7.22.5,https://registry.npmjs.org/@babel/helper-plugin-utils/-/helper-plugin-utils-7.22.5.tgz
@babel/helper-remap-async-to-generator,7.22.5,https://registry.npmjs.org/@babel/helper-remap-async-to-generator/-/helper-remap-async-to-generator-7.22.5.tgz
@babel/helper-replace-supers,7.22.5,https://registry.npmjs.org/@babel/helper-replace-supers/-/helper-replace-supers-7.22.5.tgz
@babel/helper-simple-access,7.22.5,https://registry.npmjs.org/@babel/helper-simple-access/-/helper-simple-access-7.22.5.tgz
@babel/helper-skip-transparent-expression-wrappers,7.22.5,https://registry.npmjs.org/@babel/helper-skip-transparent-expression-wrappers/-/helper-skip-transparent-expression-wrappers-7.22.5.tgz
@babel/helper-split-export-declaration,7.22.5,N/A
@babel/helper-validator-identifier,7.27.1,N/A
@babel/helper-validator-option,7.22.5,https://registry.npmjs.org/@babel/helper-validator-option/-/helper-validator-option-7.22.5.tgz
@babel/helper-wrap-function,7.22.5,https://registry.npmjs.org/@babel/helper-wrap-function/-/helper-wrap-function-7.22.5.tgz
@babel/helpers,7.27.6,https://registry.npmjs.org/@babel/helpers/-/helpers-7.27.6.tgz
@babel/parser,7.28.0,N/A
@babel/plugin-bugfix-safari-id-destructuring-collision-in-function-expression,7.22.5,https://registry.npmjs.org/@babel/plugin-bugfix-safari-id-destructuring-collision-in-function-expression/-/plugin-bugfix-safari-id-destructuring-collision-in-function-expression-7.22.5.tgz
@babel/plugin-bugfix-v8-spread-parameters-in-optional-chaining,7.22.5,https://registry.npmjs.org/@babel/plugin-bugfix-v8-spread-parameters-in-optional-chaining/-/plugin-bugfix-v8-spread-parameters-in-optional-chaining-7.22.5.tgz
@babel/plugin-proposal-class-properties,7.18.6,https://registry.npmjs.org/@babel/plugin-proposal-class-properties/-/plugin-proposal-class-properties-7.18.6.tgz
@babel/plugin-proposal-decorators,7.22.5,https://registry.npmjs.org/@babel/plugin-proposal-decorators/-/plugin-proposal-decorators-7.22.5.tgz
@babel/plugin-proposal-nullish-coalescing-operator,7.18.6,https://registry.npmjs.org/@babel/plugin-proposal-nullish-coalescing-operator/-/plugin-proposal-nullish-coalescing-operator-7.18.6.tgz
@babel/plugin-proposal-numeric-separator,7.18.6,https://registry.npmjs.org/@babel/plugin-proposal-numeric-separator/-/plugin-proposal-numeric-separator-7.18.6.tgz
@babel/plugin-proposal-optional-chaining,7.21.0,https://registry.npmjs.org/@babel/plugin-proposal-optional-chaining/-/plugin-proposal-optional-chaining-7.21.0.tgz
@babel/plugin-proposal-private-methods,7.18.6,https://registry.npmjs.org/@babel/plugin-proposal-private-methods/-/plugin-proposal-private-methods-7.18.6.tgz
@babel/plugin-proposal-private-property-in-object,7.21.0-placeholder-for-preset-env.2,https://registry.npmjs.org/@babel/plugin-proposal-private-property-in-object/-/plugin-proposal-private-property-in-object-7.21.0-placeholder-for-preset-env.2.tgz
@babel/plugin-proposal-private-property-in-object,7.21.11,https://registry.npmjs.org/@babel/plugin-proposal-private-property-in-object/-/plugin-proposal-private-property-in-object-7.21.11.tgz
@babel/plugin-proposal-unicode-property-regex,7.18.6,https://registry.npmjs.org/@babel/plugin-proposal-unicode-property-regex/-/plugin-proposal-unicode-property-regex-7.18.6.tgz
@babel/plugin-syntax-async-generators,7.8.4,https://registry.npmjs.org/@babel/plugin-syntax-async-generators/-/plugin-syntax-async-generators-7.8.4.tgz
@babel/plugin-syntax-bigint,7.8.3,https://registry.npmjs.org/@babel/plugin-syntax-bigint/-/plugin-syntax-bigint-7.8.3.tgz
@babel/plugin-syntax-class-properties,7.12.13,https://registry.npmjs.org/@babel/plugin-syntax-class-properties/-/plugin-syntax-class-properties-7.12.13.tgz
@babel/plugin-syntax-class-static-block,7.14.5,https://registry.npmjs.org/@babel/plugin-syntax-class-static-block/-/plugin-syntax-class-static-block-7.14.5.tgz
@babel/plugin-syntax-decorators,7.22.5,https://registry.npmjs.org/@babel/plugin-syntax-decorators/-/plugin-syntax-decorators-7.22.5.tgz
@babel/plugin-syntax-dynamic-import,7.8.3,https://registry.npmjs.org/@babel/plugin-syntax-dynamic-import/-/plugin-syntax-dynamic-import-7.8.3.tgz
@babel/plugin-syntax-export-namespace-from,7.8.3,https://registry.npmjs.org/@babel/plugin-syntax-export-namespace-from/-/plugin-syntax-export-namespace-from-7.8.3.tgz
@babel/plugin-syntax-flow,7.22.5,https://registry.npmjs.org/@babel/plugin-syntax-flow/-/plugin-syntax-flow-7.22.5.tgz
@babel/plugin-syntax-import-assertions,7.22.5,https://registry.npmjs.org/@babel/plugin-syntax-import-assertions/-/plugin-syntax-import-assertions-7.22.5.tgz
@babel/plugin-syntax-import-attributes,7.22.5,https://registry.npmjs.org/@babel/plugin-syntax-import-attributes/-/plugin-syntax-import-attributes-7.22.5.tgz
@babel/plugin-syntax-import-meta,7.10.4,https://registry.npmjs.org/@babel/plugin-syntax-import-meta/-/plugin-syntax-import-meta-7.10.4.tgz
@babel/plugin-syntax-json-strings,7.8.3,https://registry.npmjs.org/@babel/plugin-syntax-json-strings/-/plugin-syntax-json-strings-7.8.3.tgz
@babel/plugin-syntax-jsx,7.22.5,https://registry.npmjs.org/@babel/plugin-syntax-jsx/-/plugin-syntax-jsx-7.22.5.tgz
@babel/plugin-syntax-logical-assignment-operators,7.10.4,https://registry.npmjs.org/@babel/plugin-syntax-logical-assignment-operators/-/plugin-syntax-logical-assignment-operators-7.10.4.tgz
@babel/plugin-syntax-nullish-coalescing-operator,7.8.3,https://registry.npmjs.org/@babel/plugin-syntax-nullish-coalescing-operator/-/plugin-syntax-nullish-coalescing-operator-7.8.3.tgz
@babel/plugin-syntax-numeric-separator,7.10.4,https://registry.npmjs.org/@babel/plugin-syntax-numeric-separator/-/plugin-syntax-numeric-separator-7.10.4.tgz
@babel/plugin-syntax-object-rest-spread,7.8.3,https://registry.npmjs.org/@babel/plugin-syntax-object-rest-spread/-/plugin-syntax-object-rest-spread-7.8.3.tgz
@babel/plugin-syntax-optional-catch-binding,7.8.3,https://registry.npmjs.org/@babel/plugin-syntax-optional-catch-binding/-/plugin-syntax-optional-catch-binding-7.8.3.tgz
@babel/plugin-syntax-optional-chaining,7.8.3,https://registry.npmjs.org/@babel/plugin-syntax-optional-chaining/-/plugin-syntax-optional-chaining-7.8.3.tgz
@babel/plugin-syntax-private-property-in-object,7.14.5,https://registry.npmjs.org/@babel/plugin-syntax-private-property-in-object/-/plugin-syntax-private-property-in-object-7.14.5.tgz
@babel/plugin-syntax-top-level-await,7.14.5,https://registry.npmjs.org/@babel/plugin-syntax-top-level-await/-/plugin-syntax-top-level-await-7.14.5.tgz
@babel/plugin-syntax-typescript,7.22.5,https://registry.npmjs.org/@babel/plugin-syntax-typescript/-/plugin-syntax-typescript-7.22.5.tgz
@babel/plugin-syntax-unicode-sets-regex,7.18.6,https://registry.npmjs.org/@babel/plugin-syntax-unicode-sets-regex/-/plugin-syntax-unicode-sets-regex-7.18.6.tgz
@babel/plugin-transform-arrow-functions,7.22.5,https://registry.npmjs.org/@babel/plugin-transform-arrow-functions/-/plugin-transform-arrow-functions-7.22.5.tgz
@babel/plugin-transform-async-generator-functions,7.22.5,https://registry.npmjs.org/@babel/plugin-transform-async-generator-functions/-/plugin-transform-async-generator-functions-7.22.5.tgz
@babel/plugin-transform-async-to-generator,7.22.5,https://registry.npmjs.org/@babel/plugin-transform-async-to-generator/-/plugin-transform-async-to-generator-7.22.5.tgz
@babel/plugin-transform-block-scoped-functions,7.22.5,https://registry.npmjs.org/@babel/plugin-transform-block-scoped-functions/-/plugin-transform-block-scoped-functions-7.22.5.tgz
@babel/plugin-transform-block-scoping,7.22.5,https://registry.npmjs.org/@babel/plugin-transform-block-scoping/-/plugin-transform-block-scoping-7.22.5.tgz
@babel/plugin-transform-class-properties,7.22.5,https://registry.npmjs.org/@babel/plugin-transform-class-properties/-/plugin-transform-class-properties-7.22.5.tgz
@babel/plugin-transform-class-static-block,7.22.5,https://registry.npmjs.org/@babel/plugin-transform-class-static-block/-/plugin-transform-class-static-block-7.22.5.tgz
@babel/plugin-transform-classes,7.22.5,https://registry.npmjs.org/@babel/plugin-transform-classes/-/plugin-transform-classes-7.22.5.tgz
@babel/plugin-transform-computed-properties,7.22.5,https://registry.npmjs.org/@babel/plugin-transform-computed-properties/-/plugin-transform-computed-properties-7.22.5.tgz
@babel/plugin-transform-destructuring,7.22.5,https://registry.npmjs.org/@babel/plugin-transform-destructuring/-/plugin-transform-destructuring-7.22.5.tgz
@babel/plugin-transform-dotall-regex,7.22.5,https://registry.npmjs.org/@babel/plugin-transform-dotall-regex/-/plugin-transform-dotall-regex-7.22.5.tgz
@babel/plugin-transform-duplicate-keys,7.22.5,https://registry.npmjs.org/@babel/plugin-transform-duplicate-keys/-/plugin-transform-duplicate-keys-7.22.5.tgz
@babel/plugin-transform-dynamic-import,7.22.5,https://registry.npmjs.org/@babel/plugin-transform-dynamic-import/-/plugin-transform-dynamic-import-7.22.5.tgz
@babel/plugin-transform-exponentiation-operator,7.22.5,https://registry.npmjs.org/@babel/plugin-transform-exponentiation-operator/-/plugin-transform-exponentiation-operator-7.22.5.tgz
@babel/plugin-transform-export-namespace-from,7.22.5,https://registry.npmjs.org/@babel/plugin-transform-export-namespace-from/-/plugin-transform-export-namespace-from-7.22.5.tgz
@babel/plugin-transform-flow-strip-types,7.22.5,https://registry.npmjs.org/@babel/plugin-transform-flow-strip-types/-/plugin-transform-flow-strip-types-7.22.5.tgz
@babel/plugin-transform-for-of,7.22.5,https://registry.npmjs.org/@babel/plugin-transform-for-of/-/plugin-transform-for-of-7.22.5.tgz
@babel/plugin-transform-function-name,7.22.5,https://registry.npmjs.org/@babel/plugin-transform-function-name/-/plugin-transform-function-name-7.22.5.tgz
@babel/plugin-transform-json-strings,7.22.5,https://registry.npmjs.org/@babel/plugin-transform-json-strings/-/plugin-transform-json-strings-7.22.5.tgz
@babel/plugin-transform-literals,7.22.5,https://registry.npmjs.org/@babel/plugin-transform-literals/-/plugin-transform-literals-7.22.5.tgz
@babel/plugin-transform-logical-assignment-operators,7.22.5,https://registry.npmjs.org/@babel/plugin-transform-logical-assignment-operators/-/plugin-transform-logical-assignment-operators-7.22.5.tgz
@babel/plugin-transform-member-expression-literals,7.22.5,https://registry.npmjs.org/@babel/plugin-transform-member-expression-literals/-/plugin-transform-member-expression-literals-7.22.5.tgz
@babel/plugin-transform-modules-amd,7.22.5,https://registry.npmjs.org/@babel/plugin-transform-modules-amd/-/plugin-transform-modules-amd-7.22.5.tgz
@babel/plugin-transform-modules-commonjs,7.22.5,https://registry.npmjs.org/@babel/plugin-transform-modules-commonjs/-/plugin-transform-modules-commonjs-7.22.5.tgz
@babel/plugin-transform-modules-systemjs,7.22.5,https://registry.npmjs.org/@babel/plugin-transform-modules-systemjs/-/plugin-transform-modules-systemjs-7.22.5.tgz
@babel/plugin-transform-modules-umd,7.22.5,https://registry.npmjs.org/@babel/plugin-transform-modules-umd/-/plugin-transform-modules-umd-7.22.5.tgz
@babel/plugin-transform-named-capturing-groups-regex,7.22.5,https://registry.npmjs.org/@babel/plugin-transform-named-capturing-groups-regex/-/plugin-transform-named-capturing-groups-regex-7.22.5.tgz
@babel/plugin-transform-new-target,7.22.5,https://registry.npmjs.org/@babel/plugin-transform-new-target/-/plugin-transform-new-target-7.22.5.tgz
@babel/plugin-transform-nullish-coalescing-operator,7.22.5,https://registry.npmjs.org/@babel/plugin-transform-nullish-coalescing-operator/-/plugin-transform-nullish-coalescing-operator-7.22.5.tgz
@babel/plugin-transform-numeric-separator,7.22.5,https://registry.npmjs.org/@babel/plugin-transform-numeric-separator/-/plugin-transform-numeric-separator-7.22.5.tgz
@babel/plugin-transform-object-rest-spread,7.22.5,https://registry.npmjs.org/@babel/plugin-transform-object-rest-spread/-/plugin-transform-object-rest-spread-7.22.5.tgz
@babel/plugin-transform-object-super,7.22.5,https://registry.npmjs.org/@babel/plugin-transform-object-super/-/plugin-transform-object-super-7.22.5.tgz
@babel/plugin-transform-optional-catch-binding,7.22.5,https://registry.npmjs.org/@babel/plugin-transform-optional-catch-binding/-/plugin-transform-optional-catch-binding-7.22.5.tgz
@babel/plugin-transform-optional-chaining,7.22.5,N/A
@babel/plugin-transform-parameters,7.22.5,N/A
@babel/plugin-transform-private-methods,7.22.5,https://registry.npmjs.org/@babel/plugin-transform-private-methods/-/plugin-transform-private-methods-7.22.5.tgz
@babel/plugin-transform-private-property-in-object,7.22.5,https://registry.npmjs.org/@babel/plugin-transform-private-property-in-object/-/plugin-transform-private-property-in-object-7.22.5.tgz
@babel/plugin-transform-property-literals,7.22.5,https://registry.npmjs.org/@babel/plugin-transform-property-literals/-/plugin-transform-property-literals-7.22.5.tgz
@babel/plugin-transform-react-constant-elements,7.14.5,https://registry.npmjs.org/@babel/plugin-transform-react-constant-elements/-/plugin-transform-react-constant-elements-7.14.5.tgz
@babel/plugin-transform-react-display-name,7.22.5,N/A
@babel/plugin-transform-react-jsx,7.22.5,N/A
@babel/plugin-transform-react-jsx-development,7.22.5,https://registry.npmjs.org/@babel/plugin-transform-react-jsx-development/-/plugin-transform-react-jsx-development-7.22.5.tgz
@babel/plugin-transform-react-pure-annotations,7.22.5,https://registry.npmjs.org/@babel/plugin-transform-react-pure-annotations/-/plugin-transform-react-pure-annotations-7.22.5.tgz
@babel/plugin-transform-regenerator,7.22.5,https://registry.npmjs.org/@babel/plugin-transform-regenerator/-/plugin-transform-regenerator-7.22.5.tgz
@babel/plugin-transform-reserved-words,7.22.5,https://registry.npmjs.org/@babel/plugin-transform-reserved-words/-/plugin-transform-reserved-words-7.22.5.tgz
@babel/plugin-transform-runtime,7.22.5,https://registry.npmjs.org/@babel/plugin-transform-runtime/-/plugin-transform-runtime-7.22.5.tgz
@babel/plugin-transform-shorthand-properties,7.22.5,https://registry.npmjs.org/@babel/plugin-transform-shorthand-properties/-/plugin-transform-shorthand-properties-7.22.5.tgz
@babel/plugin-transform-spread,7.22.5,https://registry.npmjs.org/@babel/plugin-transform-spread/-/plugin-transform-spread-7.22.5.tgz
@babel/plugin-transform-sticky-regex,7.22.5,https://registry.npmjs.org/@babel/plugin-transform-sticky-regex/-/plugin-transform-sticky-regex-7.22.5.tgz
@babel/plugin-transform-template-literals,7.22.5,https://registry.npmjs.org/@babel/plugin-transform-template-literals/-/plugin-transform-template-literals-7.22.5.tgz
@babel/plugin-transform-typeof-symbol,7.22.5,https://registry.npmjs.org/@babel/plugin-transform-typeof-symbol/-/plugin-transform-typeof-symbol-7.22.5.tgz
@babel/plugin-transform-typescript,7.22.5,https://registry.npmjs.org/@babel/plugin-transform-typescript/-/plugin-transform-typescript-7.22.5.tgz
@babel/plugin-transform-unicode-escapes,7.22.5,https://registry.npmjs.org/@babel/plugin-transform-unicode-escapes/-/plugin-transform-unicode-escapes-7.22.5.tgz
@babel/plugin-transform-unicode-property-regex,7.22.5,https://registry.npmjs.org/@babel/plugin-transform-unicode-property-regex/-/plugin-transform-unicode-property-regex-7.22.5.tgz
@babel/plugin-transform-unicode-regex,7.22.5,https://registry.npmjs.org/@babel/plugin-transform-unicode-regex/-/plugin-transform-unicode-regex-7.22.5.tgz
@babel/plugin-transform-unicode-sets-regex,7.22.5,https://registry.npmjs.org/@babel/plugin-transform-unicode-sets-regex/-/plugin-transform-unicode-sets-regex-7.22.5.tgz
@babel/preset-env,7.22.5,https://registry.npmjs.org/@babel/preset-env/-/preset-env-7.22.5.tgz
@babel/preset-modules,0.1.5,https://registry.npmjs.org/@babel/preset-modules/-/preset-modules-0.1.5.tgz
@babel/preset-react,7.22.5,https://registry.npmjs.org/@babel/preset-react/-/preset-react-7.22.5.tgz
@babel/preset-typescript,7.22.5,https://registry.npmjs.org/@babel/preset-typescript/-/preset-typescript-7.22.5.tgz
@babel/regjsgen,0.8.0,https://registry.npmjs.org/@babel/regjsgen/-/regjsgen-0.8.0.tgz
@babel/runtime,7.27.6,N/A
@babel/template,7.27.2,N/A
@babel/traverse,7.28.0,N/A
@babel/types,7.28.1,N/A
@compiled/react,0.18.6,N/A
@csstools/normalize.css,12.0.0,https://registry.npmjs.org/@csstools/normalize.css/-/normalize.css-12.0.0.tgz
@csstools/postcss-cascade-layers,1.1.1,https://registry.npmjs.org/@csstools/postcss-cascade-layers/-/postcss-cascade-layers-1.1.1.tgz
@csstools/postcss-color-function,1.1.1,https://registry.npmjs.org/@csstools/postcss-color-function/-/postcss-color-function-1.1.1.tgz
@csstools/postcss-font-format-keywords,1.0.1,https://registry.npmjs.org/@csstools/postcss-font-format-keywords/-/postcss-font-format-keywords-1.0.1.tgz
@csstools/postcss-hwb-function,1.0.2,https://registry.npmjs.org/@csstools/postcss-hwb-function/-/postcss-hwb-function-1.0.2.tgz
@csstools/postcss-ic-unit,1.0.1,https://registry.npmjs.org/@csstools/postcss-ic-unit/-/postcss-ic-unit-1.0.1.tgz
@csstools/postcss-is-pseudo-class,2.0.7,https://registry.npmjs.org/@csstools/postcss-is-pseudo-class/-/postcss-is-pseudo-class-2.0.7.tgz
@csstools/postcss-nested-calc,1.0.0,https://registry.npmjs.org/@csstools/postcss-nested-calc/-/postcss-nested-calc-1.0.0.tgz
@csstools/postcss-normalize-display-values,1.0.1,https://registry.npmjs.org/@csstools/postcss-normalize-display-values/-/postcss-normalize-display-values-1.0.1.tgz
@csstools/postcss-oklab-function,1.1.1,https://registry.npmjs.org/@csstools/postcss-oklab-function/-/postcss-oklab-function-1.1.1.tgz
@csstools/postcss-progressive-custom-properties,1.3.0,N/A
@csstools/postcss-stepped-value-functions,1.0.1,https://registry.npmjs.org/@csstools/postcss-stepped-value-functions/-/postcss-stepped-value-functions-1.0.1.tgz
@csstools/postcss-text-decoration-shorthand,1.0.0,https://registry.npmjs.org/@csstools/postcss-text-decoration-shorthand/-/postcss-text-decoration-shorthand-1.0.0.tgz
@csstools/postcss-trigonometric-functions,1.0.2,https://registry.npmjs.org/@csstools/postcss-trigonometric-functions/-/postcss-trigonometric-functions-1.0.2.tgz
@csstools/postcss-unset-value,1.0.2,https://registry.npmjs.org/@csstools/postcss-unset-value/-/postcss-unset-value-1.0.2.tgz
@csstools/selector-specificity,2.2.0,https://registry.npmjs.org/@csstools/selector-specificity/-/selector-specificity-2.2.0.tgz
@emotion/hash,0.9.2,https://registry.npmjs.org/@emotion/hash/-/hash-0.9.2.tgz
@emotion/memoize,0.9.0,https://registry.npmjs.org/@emotion/memoize/-/memoize-0.9.0.tgz
@emotion/react,11.14.0,N/A
@emotion/serialize,1.3.3,https://registry.npmjs.org/@emotion/serialize/-/serialize-1.3.3.tgz
@emotion/unitless,0.10.0,https://registry.npmjs.org/@emotion/unitless/-/unitless-0.10.0.tgz
@emotion/utils,1.4.2,N/A
@eslint-community/regexpp,4.5.1,N/A
@forge/api,6.4.3,https://registry.npmjs.org/@forge/api/-/api-6.4.3.tgz
@forge/auth,0.0.9,https://registry.npmjs.org/@forge/auth/-/auth-0.0.9.tgz
@forge/bridge,5.10.2,https://registry.npmjs.org/@forge/bridge/-/bridge-5.10.2.tgz
@forge/egress,2.3.1,https://registry.npmjs.org/@forge/egress/-/egress-2.3.1.tgz
@forge/i18n,0.0.7,https://registry.npmjs.org/@forge/i18n/-/i18n-0.0.7.tgz
@forge/manifest,11.3.2,https://registry.npmjs.org/@forge/manifest/-/manifest-11.3.2.tgz
@forge/resolver,1.7.1,https://registry.npmjs.org/@forge/resolver/-/resolver-1.7.1.tgz
@forge/storage,2.0.3,https://registry.npmjs.org/@forge/storage/-/storage-2.0.3.tgz
@isaacs/balanced-match,4.0.1,https://registry.npmjs.org/@isaacs/balanced-match/-/balanced-match-4.0.1.tgz
@isaacs/brace-expansion,5.0.0,https://registry.npmjs.org/@isaacs/brace-expansion/-/brace-expansion-5.0.0.tgz
@isaacs/cliui,8.0.2,https://registry.npmjs.org/@isaacs/cliui/-/cliui-8.0.2.tgz
@istanbuljs/load-nyc-config,1.1.0,https://registry.npmjs.org/@istanbuljs/load-nyc-config/-/load-nyc-config-1.1.0.tgz
@istanbuljs/schema,0.1.3,https://registry.npmjs.org/@istanbuljs/schema/-/schema-0.1.3.tgz
@jest/console,28.1.3,https://registry.npmjs.org/@jest/console/-/console-28.1.3.tgz
@jest/diff-sequences,30.0.1,https://registry.npmjs.org/@jest/diff-sequences/-/diff-sequences-30.0.1.tgz
@jest/expect-utils,30.2.0,https://registry.npmjs.org/@jest/expect-utils/-/expect-utils-30.2.0.tgz
@jest/get-type,30.1.0,N/A
@jest/pattern,30.0.1,https://registry.npmjs.org/@jest/pattern/-/pattern-30.0.1.tgz
@jest/schemas,28.1.3,N/A
@jest/schemas,30.0.5,N/A
@jest/test-result,28.1.3,https://registry.npmjs.org/@jest/test-result/-/test-result-28.1.3.tgz
@jest/transform,27.5.1,N/A
@jest/types,27.5.1,N/A
@jest/types,28.1.3,N/A
@jest/types,30.2.0,https://registry.npmjs.org/@jest/types/-/types-30.2.0.tgz
@jridgewell/gen-mapping,0.3.12,N/A
@jridgewell/trace-mapping,0.3.29,N/A
@nicolo-ribaudo/eslint-scope-5-internals,5.1.1-v1,https://registry.npmjs.org/@nicolo-ribaudo/eslint-scope-5-internals/-/eslint-scope-5-internals-5.1.1-v1.tgz
@playwright/test,1.58.0,https://registry.npmjs.org/@playwright/test/-/test-1.58.0.tgz
@pmmmwh/react-refresh-webpack-plugin,0.5.17,https://registry.npmjs.org/@pmmmwh/react-refresh-webpack-plugin/-/react-refresh-webpack-plugin-0.5.17.tgz
@popperjs/core,2.11.8,https://registry.npmjs.org/@popperjs/core/-/core-2.11.8.tgz
@rollup/plugin-babel,5.3.1,https://registry.npmjs.org/@rollup/plugin-babel/-/plugin-babel-5.3.1.tgz
@rollup/plugin-node-resolve,11.2.1,https://registry.npmjs.org/@rollup/plugin-node-resolve/-/plugin-node-resolve-11.2.1.tgz
@rollup/plugin-replace,2.4.2,https://registry.npmjs.org/@rollup/plugin-replace/-/plugin-replace-2.4.2.tgz
@rollup/pluginutils,3.1.0,https://registry.npmjs.org/@rollup/pluginutils/-/pluginutils-3.1.0.tgz
@rushstack/eslint-patch,1.3.2,https://registry.npmjs.org/@rushstack/eslint-patch/-/eslint-patch-1.3.2.tgz
@sentry-internal/tracing,7.106.0,https://registry.npmjs.org/@sentry-internal/tracing/-/tracing-7.106.0.tgz
@sentry/core,7.106.0,N/A
@sentry/node,7.106.0,https://registry.npmjs.org/@sentry/node/-/node-7.106.0.tgz
@sentry/types,7.106.0,N/A
@sentry/utils,7.106.0,N/A
@statsig/client-core,3.18.2,https://registry.npmjs.org/@statsig/client-core/-/client-core-3.18.2.tgz
@statsig/client-core,3.19.0,N/A
@statsig/js-client,3.18.2,https://registry.npmjs.org/@statsig/js-client/-/js-client-3.18.2.tgz
@statsig/js-client,3.19.0,N/A
@surma/rollup-plugin-off-main-thread,2.2.3,https://registry.npmjs.org/@surma/rollup-plugin-off-main-thread/-/rollup-plugin-off-main-thread-2.2.3.tgz
@svgr/core,5.5.0,https://registry.npmjs.org/@svgr/core/-/core-5.5.0.tgz
@svgr/plugin-jsx,5.5.0,N/A
@svgr/plugin-svgo,5.5.0,https://registry.npmjs.org/@svgr/plugin-svgo/-/plugin-svgo-5.5.0.tgz
@svgr/webpack,5.5.0,https://registry.npmjs.org/@svgr/webpack/-/webpack-5.5.0.tgz
@testing-library/dom,10.4.1,https://registry.npmjs.org/@testing-library/dom/-/dom-10.4.1.tgz
@testing-library/jest-dom,6.9.1,https://registry.npmjs.org/@testing-library/jest-dom/-/jest-dom-6.9.1.tgz
@testing-library/react,16.3.2,https://registry.npmjs.org/@testing-library/react/-/react-16.3.2.tgz
@testing-library/user-event,14.6.1,https://registry.npmjs.org/@testing-library/user-event/-/user-event-14.6.1.tgz
@trysound/sax,0.2.0,https://registry.npmjs.org/@trysound/sax/-/sax-0.2.0.tgz
@types/aria-query,5.0.4,https://registry.npmjs.org/@types/aria-query/-/aria-query-5.0.4.tgz
@types/babel__core,7.20.1,https://registry.npmjs.org/@types/babel__core/-/babel__core-7.20.1.tgz
@types/babel__generator,7.6.4,https://registry.npmjs.org/@types/babel__generator/-/babel__generator-7.6.4.tgz
@types/babel__template,7.4.1,https://registry.npmjs.org/@types/babel__template/-/babel__template-7.4.1.tgz
@types/babel__traverse,7.20.1,https://registry.npmjs.org/@types/babel__traverse/-/babel__traverse-7.20.1.tgz
@types/eslint,8.40.2,https://registry.npmjs.org/@types/eslint/-/eslint-8.40.2.tgz
@types/estree,0.0.39,https://registry.npmjs.org/@types/estree/-/estree-0.0.39.tgz
@types/estree,1.0.8,N/A
@types/graceful-fs,4.1.6,https://registry.npmjs.org/@types/graceful-fs/-/graceful-fs-4.1.6.tgz
@types/history,4.7.11,https://registry.npmjs.org/@types/history/-/history-4.7.11.tgz
@types/html-minifier-terser,6.1.0,https://registry.npmjs.org/@types/html-minifier-terser/-/html-minifier-terser-6.1.0.tgz
@types/iframe-resizer,3.5.13,https://registry.npmjs.org/@types/iframe-resizer/-/iframe-resizer-3.5.13.tgz
@types/istanbul-lib-coverage,2.0.6,N/A
@types/istanbul-reports,3.0.4,N/A
@types/jest,30.0.0,https://registry.npmjs.org/@types/jest/-/jest-30.0.0.tgz
@types/json-schema,7.0.15,N/A
@types/json5,0.0.29,https://registry.npmjs.org/@types/json5/-/json5-0.0.29.tgz
@types/linkify-it,5.0.0,https://registry.npmjs.org/@types/linkify-it/-/linkify-it-5.0.0.tgz
@types/markdown-it,14.1.2,https://registry.npmjs.org/@types/markdown-it/-/markdown-it-14.1.2.tgz
@types/mdurl,2.0.0,https://registry.npmjs.org/@types/mdurl/-/mdurl-2.0.0.tgz
@types/node,25.0.10,N/A
@types/parse-json,4.0.0,N/A
@types/q,1.5.5,https://registry.npmjs.org/@types/q/-/q-1.5.5.tgz
@types/react,19.2.9,N/A
@types/react-dom,19.2.3,N/A
@types/resolve,1.17.1,https://registry.npmjs.org/@types/resolve/-/resolve-1.17.1.tgz
@types/stack-utils,2.0.3,https://registry.npmjs.org/@types/stack-utils/-/stack-utils-2.0.3.tgz
@types/trusted-types,2.0.3,https://registry.npmjs.org/@types/trusted-types/-/trusted-types-2.0.3.tgz
@types/yargs,17.0.35,https://registry.npmjs.org/@types/yargs/-/yargs-17.0.35.tgz
@types/yargs-parser,21.0.0,N/A
@typescript-eslint/eslint-plugin,5.60.1,https://registry.npmjs.org/@typescript-eslint/eslint-plugin/-/eslint-plugin-5.60.1.tgz
@typescript-eslint/experimental-utils,5.60.1,https://registry.npmjs.org/@typescript-eslint/experimental-utils/-/experimental-utils-5.60.1.tgz
@typescript-eslint/parser,5.60.1,N/A
@typescript-eslint/scope-manager,5.60.1,https://registry.npmjs.org/@typescript-eslint/scope-manager/-/scope-manager-5.60.1.tgz
@typescript-eslint/type-utils,5.60.1,https://registry.npmjs.org/@typescript-eslint/type-utils/-/type-utils-5.60.1.tgz
@typescript-eslint/types,5.60.1,N/A
@typescript-eslint/typescript-estree,5.60.1,N/A
@typescript-eslint/utils,5.60.1,N/A
@typescript-eslint/visitor-keys,5.60.1,https://registry.npmjs.org/@typescript-eslint/visitor-keys/-/visitor-keys-5.60.1.tgz
abab,2.0.6,https://registry.npmjs.org/abab/-/abab-2.0.6.tgz
address,1.2.2,https://registry.npmjs.org/address/-/address-1.2.2.tgz
adjust-sourcemap-loader,4.0.0,https://registry.npmjs.org/adjust-sourcemap-loader/-/adjust-sourcemap-loader-4.0.0.tgz
ajv,6.12.6,N/A
ajv,8.12.0,https://registry.npmjs.org/ajv/-/ajv-8.12.0.tgz
ajv,8.17.1,https://registry.npmjs.org/ajv/-/ajv-8.17.1.tgz
ajv-formats,2.1.1,https://registry.npmjs.org/ajv-formats/-/ajv-formats-2.1.1.tgz
ajv-keywords,3.5.2,https://registry.npmjs.org/ajv-keywords/-/ajv-keywords-3.5.2.tgz
ajv-keywords,5.1.0,https://registry.npmjs.org/ajv-keywords/-/ajv-keywords-5.1.0.tgz
ansi-escapes,4.3.2,https://registry.npmjs.org/ansi-escapes/-/ansi-escapes-4.3.2.tgz
ansi-html,0.0.9,https://registry.npmjs.org/ansi-html/-/ansi-html-0.0.9.tgz
ansi-regex,5.0.1,N/A
ansi-regex,6.2.2,https://registry.npmjs.org/ansi-regex/-/ansi-regex-6.2.2.tgz
ansi-styles,3.2.1,https://registry.npmjs.org/ansi-styles/-/ansi-styles-3.2.1.tgz
ansi-styles,4.3.0,https://registry.npmjs.org/ansi-styles/-/ansi-styles-4.3.0.tgz
ansi-styles,5.2.0,https://registry.npmjs.org/ansi-styles/-/ansi-styles-5.2.0.tgz
ansi-styles,6.2.3,https://registry.npmjs.org/ansi-styles/-/ansi-styles-6.2.3.tgz
any-promise,1.3.0,https://registry.npmjs.org/any-promise/-/any-promise-1.3.0.tgz
anymatch,3.1.3,https://registry.npmjs.org/anymatch/-/anymatch-3.1.3.tgz
arg,5.0.2,https://registry.npmjs.org/arg/-/arg-5.0.2.tgz
argparse,1.0.10,https://registry.npmjs.org/argparse/-/argparse-1.0.10.tgz
argparse,2.0.1,https://registry.npmjs.org/argparse/-/argparse-2.0.1.tgz
aria-query,5.3.0,https://registry.npmjs.org/aria-query/-/aria-query-5.3.0.tgz
array-includes,3.1.6,https://registry.npmjs.org/array-includes/-/array-includes-3.1.6.tgz
array-union,2.1.0,https://registry.npmjs.org/array-union/-/array-union-2.1.0.tgz
array.prototype.flat,1.3.1,https://registry.npmjs.org/array.prototype.flat/-/array.prototype.flat-1.3.1.tgz
array.prototype.flatmap,1.3.1,https://registry.npmjs.org/array.prototype.flatmap/-/array.prototype.flatmap-1.3.1.tgz
array.prototype.tosorted,1.1.1,https://registry.npmjs.org/array.prototype.tosorted/-/array.prototype.tosorted-1.1.1.tgz
asap,2.0.6,https://registry.npmjs.org/asap/-/asap-2.0.6.tgz
ast-types-flow,0.0.7,https://registry.npmjs.org/ast-types-flow/-/ast-types-flow-0.0.7.tgz
async,3.2.4,https://registry.npmjs.org/async/-/async-3.2.4.tgz
at-least-node,1.0.0,https://registry.npmjs.org/at-least-node/-/at-least-node-1.0.0.tgz
autoprefixer,10.4.14,https://registry.npmjs.org/autoprefixer/-/autoprefixer-10.4.14.tgz
axe-core,4.7.2,https://registry.npmjs.org/axe-core/-/axe-core-4.7.2.tgz
axobject-query,3.2.1,https://registry.npmjs.org/axobject-query/-/axobject-query-3.2.1.tgz
babel-jest,27.5.1,https://registry.npmjs.org/babel-jest/-/babel-jest-27.5.1.tgz
babel-loader,8.3.0,https://registry.npmjs.org/babel-loader/-/babel-loader-8.3.0.tgz
babel-plugin-istanbul,6.1.1,https://registry.npmjs.org/babel-plugin-istanbul/-/babel-plugin-istanbul-6.1.1.tgz
babel-plugin-jest-hoist,27.5.1,https://registry.npmjs.org/babel-plugin-jest-hoist/-/babel-plugin-jest-hoist-27.5.1.tgz
babel-plugin-macros,3.1.0,https://registry.npmjs.org/babel-plugin-macros/-/babel-plugin-macros-3.1.0.tgz
babel-plugin-named-asset-import,0.3.8,https://registry.npmjs.org/babel-plugin-named-asset-import/-/babel-plugin-named-asset-import-0.3.8.tgz
babel-plugin-polyfill-corejs2,0.4.3,https://registry.npmjs.org/babel-plugin-polyfill-corejs2/-/babel-plugin-polyfill-corejs2-0.4.3.tgz
babel-plugin-polyfill-corejs3,0.8.1,https://registry.npmjs.org/babel-plugin-polyfill-corejs3/-/babel-plugin-polyfill-corejs3-0.8.1.tgz
babel-plugin-polyfill-regenerator,0.5.0,https://registry.npmjs.org/babel-plugin-polyfill-regenerator/-/babel-plugin-polyfill-regenerator-0.5.0.tgz
babel-plugin-transform-react-remove-prop-types,0.4.24,https://registry.npmjs.org/babel-plugin-transform-react-remove-prop-types/-/babel-plugin-transform-react-remove-prop-types-0.4.24.tgz
babel-preset-current-node-syntax,1.0.1,https://registry.npmjs.org/babel-preset-current-node-syntax/-/babel-preset-current-node-syntax-1.0.1.tgz
babel-preset-jest,27.5.1,https://registry.npmjs.org/babel-preset-jest/-/babel-preset-jest-27.5.1.tgz
babel-preset-react-app,10.0.1,https://registry.npmjs.org/babel-preset-react-app/-/babel-preset-react-app-10.0.1.tgz
balanced-match,1.0.2,N/A
bfj,7.0.2,https://registry.npmjs.org/bfj/-/bfj-7.0.2.tgz
big.js,5.2.2,https://registry.npmjs.org/big.js/-/big.js-5.2.2.tgz
bind-event-listener,3.0.0,N/A
bluebird,3.7.2,https://registry.npmjs.org/bluebird/-/bluebird-3.7.2.tgz
boolbase,1.0.0,https://registry.npmjs.org/boolbase/-/boolbase-1.0.0.tgz
brace-expansion,2.0.2,https://registry.npmjs.org/brace-expansion/-/brace-expansion-2.0.2.tgz
browserslist,4.25.1,N/A
bs-logger,0.2.6,https://registry.npmjs.org/bs-logger/-/bs-logger-0.2.6.tgz
bser,2.1.1,https://registry.npmjs.org/bser/-/bser-2.1.1.tgz
builtin-modules,3.3.0,https://registry.npmjs.org/builtin-modules/-/builtin-modules-3.3.0.tgz
call-bind,1.0.2,N/A
call-bind-apply-helpers,1.0.2,https://registry.npmjs.org/call-bind-apply-helpers/-/call-bind-apply-helpers-1.0.2.tgz
camel-case,4.1.2,https://registry.npmjs.org/camel-case/-/camel-case-4.1.2.tgz
camelcase,5.3.1,https://registry.npmjs.org/camelcase/-/camelcase-5.3.1.tgz
camelcase,6.3.0,N/A
camelcase-css,2.0.1,https://registry.npmjs.org/camelcase-css/-/camelcase-css-2.0.1.tgz
caniuse-api,3.0.0,https://registry.npmjs.org/caniuse-api/-/caniuse-api-3.0.0.tgz
caniuse-lite,1.0.30001727,N/A
case-sensitive-paths-webpack-plugin,2.4.0,https://registry.npmjs.org/case-sensitive-paths-webpack-plugin/-/case-sensitive-paths-webpack-plugin-2.4.0.tgz
chalk,2.4.2,https://registry.npmjs.org/chalk/-/chalk-2.4.2.tgz
chalk,4.1.2,https://registry.npmjs.org/chalk/-/chalk-4.1.2.tgz
char-regex,1.0.2,https://registry.npmjs.org/char-regex/-/char-regex-1.0.2.tgz
char-regex,2.0.1,https://registry.npmjs.org/char-regex/-/char-regex-2.0.1.tgz
check-types,11.1.2,https://registry.npmjs.org/check-types/-/check-types-11.1.2.tgz
cheerio,1.1.2,https://registry.npmjs.org/cheerio/-/cheerio-1.1.2.tgz
cheerio-select,2.1.0,https://registry.npmjs.org/cheerio-select/-/cheerio-select-2.1.0.tgz
chokidar,3.5.3,N/A
clean-css,5.3.2,https://registry.npmjs.org/clean-css/-/clean-css-5.3.2.tgz
coa,2.0.2,https://registry.npmjs.org/coa/-/coa-2.0.2.tgz
collect-v8-coverage,1.0.1,https://registry.npmjs.org/collect-v8-coverage/-/collect-v8-coverage-1.0.1.tgz
color-convert,1.9.3,https://registry.npmjs.org/color-convert/-/color-convert-1.9.3.tgz
color-convert,2.0.1,N/A
color-name,1.1.3,https://registry.npmjs.org/color-name/-/color-name-1.1.3.tgz
colord,2.9.3,https://registry.npmjs.org/colord/-/colord-2.9.3.tgz
commander,4.1.1,https://registry.npmjs.org/commander/-/commander-4.1.1.tgz
commander,7.2.0,https://registry.npmjs.org/commander/-/commander-7.2.0.tgz
commander,8.3.0,https://registry.npmjs.org/commander/-/commander-8.3.0.tgz
common-tags,1.8.2,https://registry.npmjs.org/common-tags/-/common-tags-1.8.2.tgz
commondir,1.0.1,https://registry.npmjs.org/commondir/-/commondir-1.0.1.tgz
confusing-browser-globals,1.0.11,https://registry.npmjs.org/confusing-browser-globals/-/confusing-browser-globals-1.0.11.tgz
convert-source-map,1.8.0,https://registry.npmjs.org/convert-source-map/-/convert-source-map-1.8.0.tgz
core-js,3.31.0,https://registry.npmjs.org/core-js/-/core-js-3.31.0.tgz
core-js-compat,3.31.0,N/A
core-js-pure,3.31.0,https://registry.npmjs.org/core-js-pure/-/core-js-pure-3.31.0.tgz
cosmiconfig,6.0.0,https://registry.npmjs.org/cosmiconfig/-/cosmiconfig-6.0.0.tgz
cosmiconfig,7.0.1,N/A
cross-spawn,7.0.6,N/A
crypto-random-string,2.0.0,https://registry.npmjs.org/crypto-random-string/-/crypto-random-string-2.0.0.tgz
css-blank-pseudo,3.0.3,https://registry.npmjs.org/css-blank-pseudo/-/css-blank-pseudo-3.0.3.tgz
css-color-names,0.0.4,https://registry.npmjs.org/css-color-names/-/css-color-names-0.0.4.tgz
css-declaration-sorter,6.4.0,https://registry.npmjs.org/css-declaration-sorter/-/css-declaration-sorter-6.4.0.tgz
css-has-pseudo,3.0.4,https://registry.npmjs.org/css-has-pseudo/-/css-has-pseudo-3.0.4.tgz
css-loader,6.8.1,https://registry.npmjs.org/css-loader/-/css-loader-6.8.1.tgz
css-minimizer-webpack-plugin,3.4.1,https://registry.npmjs.org/css-minimizer-webpack-plugin/-/css-minimizer-webpack-plugin-3.4.1.tgz
css-prefers-color-scheme,6.0.3,https://registry.npmjs.org/css-prefers-color-scheme/-/css-prefers-color-scheme-6.0.3.tgz
css-select,2.1.0,https://registry.npmjs.org/css-select/-/css-select-2.1.0.tgz
css-select,4.3.0,https://registry.npmjs.org/css-select/-/css-select-4.3.0.tgz
css-select,5.2.2,https://registry.npmjs.org/css-select/-/css-select-5.2.2.tgz
css-select-base-adapter,0.1.1,https://registry.npmjs.org/css-select-base-adapter/-/css-select-base-adapter-0.1.1.tgz
css-tree,1.0.0-alpha.37,https://registry.npmjs.org/css-tree/-/css-tree-1.0.0-alpha.37.tgz
css-tree,1.1.3,https://registry.npmjs.org/css-tree/-/css-tree-1.1.3.tgz
css-what,3.4.2,https://registry.npmjs.org/css-what/-/css-what-3.4.2.tgz
css-what,6.1.0,https://registry.npmjs.org/css-what/-/css-what-6.1.0.tgz
css-what,6.2.2,N/A
css.escape,1.5.1,https://registry.npmjs.org/css.escape/-/css.escape-1.5.1.tgz
cssdb,7.6.0,https://registry.npmjs.org/cssdb/-/cssdb-7.6.0.tgz
cssnano,5.1.15,https://registry.npmjs.org/cssnano/-/cssnano-5.1.15.tgz
cssnano-preset-default,5.2.14,https://registry.npmjs.org/cssnano-preset-default/-/cssnano-preset-default-5.2.14.tgz
cssnano-utils,3.1.0,https://registry.npmjs.org/cssnano-utils/-/cssnano-utils-3.1.0.tgz
csso,4.2.0,https://registry.npmjs.org/csso/-/csso-4.2.0.tgz
csstype,3.2.3,N/A
damerau-levenshtein,1.0.8,https://registry.npmjs.org/damerau-levenshtein/-/damerau-levenshtein-1.0.8.tgz
debug,2.6.9,https://registry.npmjs.org/debug/-/debug-2.6.9.tgz
debug,3.2.7,https://registry.npmjs.org/debug/-/debug-3.2.7.tgz
debug,4.3.2,N/A
debug,4.3.4,https://registry.npmjs.org/debug/-/debug-4.3.4.tgz
deepmerge,4.2.2,https://registry.npmjs.org/deepmerge/-/deepmerge-4.2.2.tgz
define-lazy-prop,2.0.0,https://registry.npmjs.org/define-lazy-prop/-/define-lazy-prop-2.0.0.tgz
define-properties,1.2.0,N/A
dequal,2.0.3,https://registry.npmjs.org/dequal/-/dequal-2.0.3.tgz
detect-port-alt,1.1.6,https://registry.npmjs.org/detect-port-alt/-/detect-port-alt-1.1.6.tgz
didyoumean,1.2.2,https://registry.npmjs.org/didyoumean/-/didyoumean-1.2.2.tgz
dir-glob,3.0.1,https://registry.npmjs.org/dir-glob/-/dir-glob-3.0.1.tgz
dlv,1.1.3,https://registry.npmjs.org/dlv/-/dlv-1.1.3.tgz
doctrine,2.1.0,https://registry.npmjs.org/doctrine/-/doctrine-2.1.0.tgz
dom-accessibility-api,0.5.16,https://registry.npmjs.org/dom-accessibility-api/-/dom-accessibility-api-0.5.16.tgz
dom-accessibility-api,0.6.3,https://registry.npmjs.org/dom-accessibility-api/-/dom-accessibility-api-0.6.3.tgz
dom-converter,0.2.0,https://registry.npmjs.org/dom-converter/-/dom-converter-0.2.0.tgz
dom-serializer,0.2.2,https://registry.npmjs.org/dom-serializer/-/dom-serializer-0.2.2.tgz
dom-serializer,1.4.1,https://registry.npmjs.org/dom-serializer/-/dom-serializer-1.4.1.tgz
dom-serializer,2.0.0,https://registry.npmjs.org/dom-serializer/-/dom-serializer-2.0.0.tgz
domelementtype,1.3.1,https://registry.npmjs.org/domelementtype/-/domelementtype-1.3.1.tgz
domelementtype,2.2.0,https://registry.npmjs.org/domelementtype/-/domelementtype-2.2.0.tgz
domelementtype,2.3.0,https://registry.npmjs.org/domelementtype/-/domelementtype-2.3.0.tgz
domhandler,4.3.1,N/A
domhandler,5.0.3,N/A
domutils,1.7.0,https://registry.npmjs.org/domutils/-/domutils-1.7.0.tgz
domutils,2.8.0,https://registry.npmjs.org/domutils/-/domutils-2.8.0.tgz
domutils,3.2.2,N/A
dot-case,3.0.4,https://registry.npmjs.org/dot-case/-/dot-case-3.0.4.tgz
dotenv,10.0.0,https://registry.npmjs.org/dotenv/-/dotenv-10.0.0.tgz
dotenv-expand,5.1.0,https://registry.npmjs.org/dotenv-expand/-/dotenv-expand-5.1.0.tgz
dunder-proto,1.0.1,https://registry.npmjs.org/dunder-proto/-/dunder-proto-1.0.1.tgz
duplexer,0.1.2,https://registry.npmjs.org/duplexer/-/duplexer-0.1.2.tgz
eastasianwidth,0.2.0,https://registry.npmjs.org/eastasianwidth/-/eastasianwidth-0.2.0.tgz
ejs,3.1.10,https://registry.npmjs.org/ejs/-/ejs-3.1.10.tgz
emittery,0.10.2,https://registry.npmjs.org/emittery/-/emittery-0.10.2.tgz
emoji-regex,8.0.0,https://registry.npmjs.org/emoji-regex/-/emoji-regex-8.0.0.tgz
emoji-regex,9.2.2,https://registry.npmjs.org/emoji-regex/-/emoji-regex-9.2.2.tgz
emojis-list,3.0.0,https://registry.npmjs.org/emojis-list/-/emojis-list-3.0.0.tgz
encoding-sniffer,0.2.1,https://registry.npmjs.org/encoding-sniffer/-/encoding-sniffer-0.2.1.tgz
entities,2.2.0,N/A
entities,4.5.0,https://registry.npmjs.org/entities/-/entities-4.5.0.tgz
entities,6.0.1,https://registry.npmjs.org/entities/-/entities-6.0.1.tgz
error-stack-parser,2.1.4,https://registry.npmjs.org/error-stack-parser/-/error-stack-parser-2.1.4.tgz
es-abstract,1.21.2,N/A
es-define-property,1.0.1,https://registry.npmjs.org/es-define-property/-/es-define-property-1.0.1.tgz
es-errors,1.3.0,N/A
es-object-atoms,1.1.1,https://registry.npmjs.org/es-object-atoms/-/es-object-atoms-1.1.1.tgz
es-shim-unscopables,1.0.0,https://registry.npmjs.org/es-shim-unscopables/-/es-shim-unscopables-1.0.0.tgz
escape-string-regexp,1.0.5,https://registry.npmjs.org/escape-string-regexp/-/escape-string-regexp-1.0.5.tgz
escape-string-regexp,2.0.0,https://registry.npmjs.org/escape-string-regexp/-/escape-string-regexp-2.0.0.tgz
escape-string-regexp,4.0.0,https://registry.npmjs.org/escape-string-regexp/-/escape-string-regexp-4.0.0.tgz
eslint,8.44.0,N/A
eslint,8.56.0,N/A
eslint-config-react-app,7.0.1,https://registry.npmjs.org/eslint-config-react-app/-/eslint-config-react-app-7.0.1.tgz
eslint-import-resolver-node,0.3.7,https://registry.npmjs.org/eslint-import-resolver-node/-/eslint-import-resolver-node-0.3.7.tgz
eslint-module-utils,2.8.0,https://registry.npmjs.org/eslint-module-utils/-/eslint-module-utils-2.8.0.tgz
eslint-plugin-flowtype,8.0.3,https://registry.npmjs.org/eslint-plugin-flowtype/-/eslint-plugin-flowtype-8.0.3.tgz
eslint-plugin-import,2.27.5,https://registry.npmjs.org/eslint-plugin-import/-/eslint-plugin-import-2.27.5.tgz
eslint-plugin-jest,25.7.0,https://registry.npmjs.org/eslint-plugin-jest/-/eslint-plugin-jest-25.7.0.tgz
eslint-plugin-jsx-a11y,6.7.1,https://registry.npmjs.org/eslint-plugin-jsx-a11y/-/eslint-plugin-jsx-a11y-6.7.1.tgz
eslint-plugin-react,7.32.2,https://registry.npmjs.org/eslint-plugin-react/-/eslint-plugin-react-7.32.2.tgz
eslint-plugin-react-hooks,4.6.0,https://registry.npmjs.org/eslint-plugin-react-hooks/-/eslint-plugin-react-hooks-4.6.0.tgz
eslint-plugin-testing-library,5.11.0,https://registry.npmjs.org/eslint-plugin-testing-library/-/eslint-plugin-testing-library-5.11.0.tgz
eslint-scope,5.1.1,https://registry.npmjs.org/eslint-scope/-/eslint-scope-5.1.1.tgz
eslint-visitor-keys,2.1.0,https://registry.npmjs.org/eslint-visitor-keys/-/eslint-visitor-keys-2.1.0.tgz
eslint-visitor-keys,3.4.1,N/A
eslint-webpack-plugin,3.2.0,https://registry.npmjs.org/eslint-webpack-plugin/-/eslint-webpack-plugin-3.2.0.tgz
esprima,4.0.1,https://registry.npmjs.org/esprima/-/esprima-4.0.1.tgz
esrecurse,4.3.0,N/A
estraverse,4.3.0,https://registry.npmjs.org/estraverse/-/estraverse-4.3.0.tgz
estraverse,5.3.0,https://registry.npmjs.org/estraverse/-/estraverse-5.3.0.tgz
estree-walker,1.0.1,https://registry.npmjs.org/estree-walker/-/estree-walker-1.0.1.tgz
esutils,2.0.3,N/A
eventemitter2,4.1.2,https://registry.npmjs.org/eventemitter2/-/eventemitter2-4.1.2.tgz
expect,30.2.0,https://registry.npmjs.org/expect/-/expect-30.2.0.tgz
fast-deep-equal,3.1.3,N/A
fast-glob,3.3.0,N/A
fast-json-stable-stringify,2.1.0,N/A
fast-uri,3.1.0,N/A
fb-watchman,2.0.2,https://registry.npmjs.org/fb-watchman/-/fb-watchman-2.0.2.tgz
file-loader,6.2.0,https://registry.npmjs.org/file-loader/-/file-loader-6.2.0.tgz
filelist,1.0.4,https://registry.npmjs.org/filelist/-/filelist-1.0.4.tgz
filesize,8.0.7,https://registry.npmjs.org/filesize/-/filesize-8.0.7.tgz
find-cache-dir,3.3.2,https://registry.npmjs.org/find-cache-dir/-/find-cache-dir-3.3.2.tgz
find-up,3.0.0,https://registry.npmjs.org/find-up/-/find-up-3.0.0.tgz
find-up,4.1.0,https://registry.npmjs.org/find-up/-/find-up-4.1.0.tgz
find-up,5.0.0,N/A
foreground-child,3.3.1,https://registry.npmjs.org/foreground-child/-/foreground-child-3.3.1.tgz
fork-ts-checker-webpack-plugin,6.5.3,https://registry.npmjs.org/fork-ts-checker-webpack-plugin/-/fork-ts-checker-webpack-plugin-6.5.3.tgz
fraction.js,4.2.0,https://registry.npmjs.org/fraction.js/-/fraction.js-4.2.0.tgz
fs-extra,10.1.0,https://registry.npmjs.org/fs-extra/-/fs-extra-10.1.0.tgz
fs-extra,9.1.0,https://registry.npmjs.org/fs-extra/-/fs-extra-9.1.0.tgz
fs-monkey,1.0.4,https://registry.npmjs.org/fs-monkey/-/fs-monkey-1.0.4.tgz
fs.realpath,1.0.0,N/A
fsevents,2.3.2,N/A
function-bind,1.1.2,N/A
functions-have-names,1.2.3,https://registry.npmjs.org/functions-have-names/-/functions-have-names-1.2.3.tgz
gensync,1.0.0-beta.2,https://registry.npmjs.org/gensync/-/gensync-1.0.0-beta.2.tgz
get-intrinsic,1.3.0,https://registry.npmjs.org/get-intrinsic/-/get-intrinsic-1.3.0.tgz
get-own-enumerable-property-symbols,3.0.2,https://registry.npmjs.org/get-own-enumerable-property-symbols/-/get-own-enumerable-property-symbols-3.0.2.tgz
get-package-type,0.1.0,https://registry.npmjs.org/get-package-type/-/get-package-type-0.1.0.tgz
get-proto,1.0.1,https://registry.npmjs.org/get-proto/-/get-proto-1.0.1.tgz
glob,11.1.0,https://registry.npmjs.org/glob/-/glob-11.1.0.tgz
glob,7.1.6,https://registry.npmjs.org/glob/-/glob-7.1.6.tgz
glob,7.2.3,N/A
glob-parent,6.0.2,N/A
global-modules,2.0.0,https://registry.npmjs.org/global-modules/-/global-modules-2.0.0.tgz
global-prefix,3.0.0,https://registry.npmjs.org/global-prefix/-/global-prefix-3.0.0.tgz
globals,11.12.0,https://registry.npmjs.org/globals/-/globals-11.12.0.tgz
globby,11.1.0,https://registry.npmjs.org/globby/-/globby-11.1.0.tgz
gopd,1.2.0,N/A
graceful-fs,4.2.11,N/A
grapheme-splitter,1.0.4,https://registry.npmjs.org/grapheme-splitter/-/grapheme-splitter-1.0.4.tgz
gzip-size,6.0.0,https://registry.npmjs.org/gzip-size/-/gzip-size-6.0.0.tgz
handlebars,4.7.8,https://registry.npmjs.org/handlebars/-/handlebars-4.7.8.tgz
harmony-reflect,1.6.2,https://registry.npmjs.org/harmony-reflect/-/harmony-reflect-1.6.2.tgz
has,1.0.3,N/A
has-flag,3.0.0,https://registry.npmjs.org/has-flag/-/has-flag-3.0.0.tgz
has-flag,4.0.0,https://registry.npmjs.org/has-flag/-/has-flag-4.0.0.tgz
has-symbols,1.1.0,N/A
has-tostringtag,1.0.2,https://registry.npmjs.org/has-tostringtag/-/has-tostringtag-1.0.2.tgz
hasown,2.0.2,https://registry.npmjs.org/hasown/-/hasown-2.0.2.tgz
he,1.2.0,https://registry.npmjs.org/he/-/he-1.2.0.tgz
headers-utils,3.0.2,https://registry.npmjs.org/headers-utils/-/headers-utils-3.0.2.tgz
hoopy,0.1.4,https://registry.npmjs.org/hoopy/-/hoopy-0.1.4.tgz
html-entities,2.4.0,https://registry.npmjs.org/html-entities/-/html-entities-2.4.0.tgz
html-minifier-terser,6.1.0,https://registry.npmjs.org/html-minifier-terser/-/html-minifier-terser-6.1.0.tgz
html-webpack-plugin,5.5.3,https://registry.npmjs.org/html-webpack-plugin/-/html-webpack-plugin-5.5.3.tgz
htmlparser2,10.0.0,https://registry.npmjs.org/htmlparser2/-/htmlparser2-10.0.0.tgz
htmlparser2,6.1.0,https://registry.npmjs.org/htmlparser2/-/htmlparser2-6.1.0.tgz
iconv-lite,0.6.3,https://registry.npmjs.org/iconv-lite/-/iconv-lite-0.6.3.tgz
icss-utils,5.1.0,https://registry.npmjs.org/icss-utils/-/icss-utils-5.1.0.tgz
idb,7.1.1,https://registry.npmjs.org/idb/-/idb-7.1.1.tgz
identity-obj-proxy,3.0.0,https://registry.npmjs.org/identity-obj-proxy/-/identity-obj-proxy-3.0.0.tgz
iframe-resizer,4.4.5,https://registry.npmjs.org/iframe-resizer/-/iframe-resizer-4.4.5.tgz
ignore,5.2.4,N/A
immer,9.0.21,https://registry.npmjs.org/immer/-/immer-9.0.21.tgz
import-fresh,3.3.0,N/A
indent-string,4.0.0,https://registry.npmjs.org/indent-string/-/indent-string-4.0.0.tgz
inflight,1.0.6,N/A
inherits,2.0.4,N/A
ini,1.3.8,https://registry.npmjs.org/ini/-/ini-1.3.8.tgz
internal-slot,1.0.5,https://registry.npmjs.org/internal-slot/-/internal-slot-1.0.5.tgz
is-core-module,2.12.1,N/A
is-docker,2.2.1,https://registry.npmjs.org/is-docker/-/is-docker-2.2.1.tgz
is-fullwidth-code-point,3.0.0,https://registry.npmjs.org/is-fullwidth-code-point/-/is-fullwidth-code-point-3.0.0.tgz
is-glob,4.0.3,N/A
is-module,1.0.0,https://registry.npmjs.org/is-module/-/is-module-1.0.0.tgz
is-obj,1.0.1,https://registry.npmjs.org/is-obj/-/is-obj-1.0.1.tgz
is-regexp,1.0.0,https://registry.npmjs.org/is-regexp/-/is-regexp-1.0.0.tgz
is-root,2.1.0,https://registry.npmjs.org/is-root/-/is-root-2.1.0.tgz
is-stream,2.0.1,N/A
is-string,1.0.7,https://registry.npmjs.org/is-string/-/is-string-1.0.7.tgz
is-wsl,2.2.0,https://registry.npmjs.org/is-wsl/-/is-wsl-2.2.0.tgz
isexe,2.0.0,N/A
istanbul-lib-coverage,3.2.0,https://registry.npmjs.org/istanbul-lib-coverage/-/istanbul-lib-coverage-3.2.0.tgz
istanbul-lib-instrument,5.2.1,https://registry.npmjs.org/istanbul-lib-instrument/-/istanbul-lib-instrument-5.2.1.tgz
jackspeak,4.1.1,https://registry.npmjs.org/jackspeak/-/jackspeak-4.1.1.tgz
jake,10.8.7,https://registry.npmjs.org/jake/-/jake-10.8.7.tgz
jest,27.5.1,N/A
jest-diff,30.2.0,https://registry.npmjs.org/jest-diff/-/jest-diff-30.2.0.tgz
jest-get-type,27.5.1,https://registry.npmjs.org/jest-get-type/-/jest-get-type-27.5.1.tgz
jest-haste-map,27.5.1,https://registry.npmjs.org/jest-haste-map/-/jest-haste-map-27.5.1.tgz
jest-matcher-utils,30.2.0,https://registry.npmjs.org/jest-matcher-utils/-/jest-matcher-utils-30.2.0.tgz
jest-message-util,28.1.3,https://registry.npmjs.org/jest-message-util/-/jest-message-util-28.1.3.tgz
jest-message-util,30.2.0,https://registry.npmjs.org/jest-message-util/-/jest-message-util-30.2.0.tgz
jest-mock,30.2.0,https://registry.npmjs.org/jest-mock/-/jest-mock-30.2.0.tgz
jest-pnp-resolver,1.2.3,https://registry.npmjs.org/jest-pnp-resolver/-/jest-pnp-resolver-1.2.3.tgz
jest-regex-util,27.5.1,N/A
jest-regex-util,28.0.2,https://registry.npmjs.org/jest-regex-util/-/jest-regex-util-28.0.2.tgz
jest-regex-util,30.0.1,https://registry.npmjs.org/jest-regex-util/-/jest-regex-util-30.0.1.tgz
jest-resolve,27.5.1,https://registry.npmjs.org/jest-resolve/-/jest-resolve-27.5.1.tgz
jest-serializer,27.5.1,https://registry.npmjs.org/jest-serializer/-/jest-serializer-27.5.1.tgz
jest-util,27.5.1,N/A
jest-util,28.1.3,N/A
jest-util,30.2.0,N/A
jest-validate,27.5.1,https://registry.npmjs.org/jest-validate/-/jest-validate-27.5.1.tgz
jest-watch-typeahead,1.1.0,https://registry.npmjs.org/jest-watch-typeahead/-/jest-watch-typeahead-1.1.0.tgz
jest-watcher,28.1.3,https://registry.npmjs.org/jest-watcher/-/jest-watcher-28.1.3.tgz
jest-worker,26.6.2,https://registry.npmjs.org/jest-worker/-/jest-worker-26.6.2.tgz
jest-worker,27.5.1,https://registry.npmjs.org/jest-worker/-/jest-worker-27.5.1.tgz
jest-worker,28.1.3,https://registry.npmjs.org/jest-worker/-/jest-worker-28.1.3.tgz
jiti,1.18.2,https://registry.npmjs.org/jiti/-/jiti-1.18.2.tgz
js-yaml,3.14.1,https://registry.npmjs.org/js-yaml/-/js-yaml-3.14.1.tgz
jsesc,0.5.0,https://registry.npmjs.org/jsesc/-/jsesc-0.5.0.tgz
json-schema,0.4.0,https://registry.npmjs.org/json-schema/-/json-schema-0.4.0.tgz
json-schema-traverse,1.0.0,https://registry.npmjs.org/json-schema-traverse/-/json-schema-traverse-1.0.0.tgz
json5,1.0.2,https://registry.npmjs.org/json5/-/json5-1.0.2.tgz
json5,2.2.3,N/A
jsonfile,6.1.0,https://registry.npmjs.org/jsonfile/-/jsonfile-6.1.0.tgz
jsonpointer,5.0.1,https://registry.npmjs.org/jsonpointer/-/jsonpointer-5.0.1.tgz
jsx-ast-utils,3.3.4,https://registry.npmjs.org/jsx-ast-utils/-/jsx-ast-utils-3.3.4.tgz
kind-of,6.0.3,https://registry.npmjs.org/kind-of/-/kind-of-6.0.3.tgz
kleur,3.0.3,https://registry.npmjs.org/kleur/-/kleur-3.0.3.tgz
klona,2.0.6,https://registry.npmjs.org/klona/-/klona-2.0.6.tgz
language-subtag-registry,0.3.22,https://registry.npmjs.org/language-subtag-registry/-/language-subtag-registry-0.3.22.tgz
language-tags,1.0.5,https://registry.npmjs.org/language-tags/-/language-tags-1.0.5.tgz
leven,3.1.0,https://registry.npmjs.org/leven/-/leven-3.1.0.tgz
lilconfig,2.1.0,N/A
lines-and-columns,1.1.6,https://registry.npmjs.org/lines-and-columns/-/lines-and-columns-1.1.6.tgz
linkify-it,2.2.0,https://registry.npmjs.org/linkify-it/-/linkify-it-2.2.0.tgz
linkify-it,5.0.0,https://registry.npmjs.org/linkify-it/-/linkify-it-5.0.0.tgz
loader-utils,2.0.4,https://registry.npmjs.org/loader-utils/-/loader-utils-2.0.4.tgz
loader-utils,3.2.1,https://registry.npmjs.org/loader-utils/-/loader-utils-3.2.1.tgz
locate-path,3.0.0,https://registry.npmjs.org/locate-path/-/locate-path-3.0.0.tgz
locate-path,5.0.0,https://registry.npmjs.org/locate-path/-/locate-path-5.0.0.tgz
lodash,4.17.21,https://registry.npmjs.org/lodash/-/lodash-4.17.21.tgz
lodash.debounce,4.0.8,https://registry.npmjs.org/lodash.debounce/-/lodash.debounce-4.0.8.tgz
lodash.memoize,4.1.2,N/A
lodash.sortby,4.7.0,https://registry.npmjs.org/lodash.sortby/-/lodash.sortby-4.7.0.tgz
lodash.uniq,4.5.0,https://registry.npmjs.org/lodash.uniq/-/lodash.uniq-4.5.0.tgz
loose-envify,1.4.0,N/A
lower-case,2.0.2,https://registry.npmjs.org/lower-case/-/lower-case-2.0.2.tgz
lru-cache,11.2.4,https://registry.npmjs.org/lru-cache/-/lru-cache-11.2.4.tgz
lru-cache,5.1.1,https://registry.npmjs.org/lru-cache/-/lru-cache-5.1.1.tgz
lz-string,1.5.0,https://registry.npmjs.org/lz-string/-/lz-string-1.5.0.tgz
magic-string,0.25.9,https://registry.npmjs.org/magic-string/-/magic-string-0.25.9.tgz
make-dir,3.1.0,N/A
make-error,1.3.6,https://registry.npmjs.org/make-error/-/make-error-1.3.6.tgz
makeerror,1.0.12,https://registry.npmjs.org/makeerror/-/makeerror-1.0.12.tgz
markdown-it,14.1.0,https://registry.npmjs.org/markdown-it/-/markdown-it-14.1.0.tgz
math-intrinsics,1.1.0,https://registry.npmjs.org/math-intrinsics/-/math-intrinsics-1.1.0.tgz
mdn-data,2.0.14,https://registry.npmjs.org/mdn-data/-/mdn-data-2.0.14.tgz
mdn-data,2.0.4,https://registry.npmjs.org/mdn-data/-/mdn-data-2.0.4.tgz
mdurl,2.0.0,https://registry.npmjs.org/mdurl/-/mdurl-2.0.0.tgz
memfs,3.5.3,https://registry.npmjs.org/memfs/-/memfs-3.5.3.tgz
memoize-one,6.0.0,https://registry.npmjs.org/memoize-one/-/memoize-one-6.0.0.tgz
merge-stream,2.0.0,https://registry.npmjs.org/merge-stream/-/merge-stream-2.0.0.tgz
merge2,1.4.1,https://registry.npmjs.org/merge2/-/merge2-1.4.1.tgz
micromatch,4.0.8,N/A
mime-db,1.52.0,https://registry.npmjs.org/mime-db/-/mime-db-1.52.0.tgz
mime-types,2.1.35,https://registry.npmjs.org/mime-types/-/mime-types-2.1.35.tgz
min-indent,1.0.1,https://registry.npmjs.org/min-indent/-/min-indent-1.0.1.tgz
mini-css-extract-plugin,2.7.6,https://registry.npmjs.org/mini-css-extract-plugin/-/mini-css-extract-plugin-2.7.6.tgz
minimatch,10.1.1,https://registry.npmjs.org/minimatch/-/minimatch-10.1.1.tgz
minimatch,3.1.2,N/A
minimatch,5.1.6,https://registry.npmjs.org/minimatch/-/minimatch-5.1.6.tgz
minimist,1.2.8,N/A
minipass,7.1.2,https://registry.npmjs.org/minipass/-/minipass-7.1.2.tgz
mkdirp,0.5.5,https://registry.npmjs.org/mkdirp/-/mkdirp-0.5.5.tgz
ms,2.0.0,https://registry.npmjs.org/ms/-/ms-2.0.0.tgz
ms,2.1.2,N/A
mz,2.7.0,https://registry.npmjs.org/mz/-/mz-2.7.0.tgz
natural-compare-lite,1.4.0,https://registry.npmjs.org/natural-compare-lite/-/natural-compare-lite-1.4.0.tgz
neo-async,2.6.2,https://registry.npmjs.org/neo-async/-/neo-async-2.6.2.tgz
no-case,3.0.4,https://registry.npmjs.org/no-case/-/no-case-3.0.4.tgz
node-int64,0.4.0,https://registry.npmjs.org/node-int64/-/node-int64-0.4.0.tgz
normalize-path,3.0.0,https://registry.npmjs.org/normalize-path/-/normalize-path-3.0.0.tgz
normalize-range,0.1.2,https://registry.npmjs.org/normalize-range/-/normalize-range-0.1.2.tgz
normalize-url,6.1.0,https://registry.npmjs.org/normalize-url/-/normalize-url-6.1.0.tgz
nth-check,1.0.2,https://registry.npmjs.org/nth-check/-/nth-check-1.0.2.tgz
nth-check,2.1.1,https://registry.npmjs.org/nth-check/-/nth-check-2.1.1.tgz
object-assign,4.1.1,N/A
object-hash,3.0.0,https://registry.npmjs.org/object-hash/-/object-hash-3.0.0.tgz
object-keys,1.1.1,N/A
object.assign,4.1.4,https://registry.npmjs.org/object.assign/-/object.assign-4.1.4.tgz
object.entries,1.1.6,https://registry.npmjs.org/object.entries/-/object.entries-1.1.6.tgz
object.fromentries,2.0.6,https://registry.npmjs.org/object.fromentries/-/object.fromentries-2.0.6.tgz
object.getownpropertydescriptors,2.1.2,https://registry.npmjs.org/object.getownpropertydescriptors/-/object.getownpropertydescriptors-2.1.2.tgz
object.hasown,1.1.2,https://registry.npmjs.org/object.hasown/-/object.hasown-1.1.2.tgz
object.values,1.1.6,N/A
once,1.4.0,N/A
open,8.4.2,https://registry.npmjs.org/open/-/open-8.4.2.tgz
p-limit,2.3.0,https://registry.npmjs.org/p-limit/-/p-limit-2.3.0.tgz
p-locate,3.0.0,https://registry.npmjs.org/p-locate/-/p-locate-3.0.0.tgz
p-locate,4.1.0,https://registry.npmjs.org/p-locate/-/p-locate-4.1.0.tgz
p-try,2.2.0,N/A
package-json-from-dist,1.0.1,https://registry.npmjs.org/package-json-from-dist/-/package-json-from-dist-1.0.1.tgz
param-case,3.0.4,https://registry.npmjs.org/param-case/-/param-case-3.0.4.tgz
parse-json,5.2.0,N/A
parse5,7.3.0,N/A
parse5-htmlparser2-tree-adapter,7.1.0,https://registry.npmjs.org/parse5-htmlparser2-tree-adapter/-/parse5-htmlparser2-tree-adapter-7.1.0.tgz
parse5-parser-stream,7.1.2,https://registry.npmjs.org/parse5-parser-stream/-/parse5-parser-stream-7.1.2.tgz
pascal-case,3.1.2,https://registry.npmjs.org/pascal-case/-/pascal-case-3.1.2.tgz
path-exists,3.0.0,https://registry.npmjs.org/path-exists/-/path-exists-3.0.0.tgz
path-exists,4.0.0,N/A
path-is-absolute,1.0.1,N/A
path-parse,1.0.7,N/A
path-scurry,2.0.1,https://registry.npmjs.org/path-scurry/-/path-scurry-2.0.1.tgz
path-type,4.0.0,N/A
performance-now,2.1.0,https://registry.npmjs.org/performance-now/-/performance-now-2.1.0.tgz
picocolors,0.2.1,https://registry.npmjs.org/picocolors/-/picocolors-0.2.1.tgz
picocolors,1.1.1,https://registry.npmjs.org/picocolors/-/picocolors-1.1.1.tgz
picomatch,2.3.1,N/A
pify,2.3.0,https://registry.npmjs.org/pify/-/pify-2.3.0.tgz
pirates,4.0.6,N/A
pkg-dir,4.2.0,https://registry.npmjs.org/pkg-dir/-/pkg-dir-4.2.0.tgz
pkg-up,3.1.0,https://registry.npmjs.org/pkg-up/-/pkg-up-3.1.0.tgz
playwright,1.58.0,https://registry.npmjs.org/playwright/-/playwright-1.58.0.tgz
playwright-core,1.58.0,https://registry.npmjs.org/playwright-core/-/playwright-core-1.58.0.tgz
postcss,7.0.39,https://registry.npmjs.org/postcss/-/postcss-7.0.39.tgz
postcss,8.5.6,N/A
postcss-attribute-case-insensitive,5.0.2,https://registry.npmjs.org/postcss-attribute-case-insensitive/-/postcss-attribute-case-insensitive-5.0.2.tgz
postcss-browser-comments,4.0.0,https://registry.npmjs.org/postcss-browser-comments/-/postcss-browser-comments-4.0.0.tgz
postcss-calc,8.2.4,https://registry.npmjs.org/postcss-calc/-/postcss-calc-8.2.4.tgz
postcss-clamp,4.1.0,https://registry.npmjs.org/postcss-clamp/-/postcss-clamp-4.1.0.tgz
postcss-color-functional-notation,4.2.4,https://registry.npmjs.org/postcss-color-functional-notation/-/postcss-color-functional-notation-4.2.4.tgz
postcss-color-hex-alpha,8.0.4,https://registry.npmjs.org/postcss-color-hex-alpha/-/postcss-color-hex-alpha-8.0.4.tgz
postcss-color-rebeccapurple,7.1.1,https://registry.npmjs.org/postcss-color-rebeccapurple/-/postcss-color-rebeccapurple-7.1.1.tgz
postcss-colormin,5.3.1,https://registry.npmjs.org/postcss-colormin/-/postcss-colormin-5.3.1.tgz
postcss-convert-values,5.1.3,https://registry.npmjs.org/postcss-convert-values/-/postcss-convert-values-5.1.3.tgz
postcss-custom-media,8.0.2,https://registry.npmjs.org/postcss-custom-media/-/postcss-custom-media-8.0.2.tgz
postcss-custom-properties,12.1.11,https://registry.npmjs.org/postcss-custom-properties/-/postcss-custom-properties-12.1.11.tgz
postcss-custom-selectors,6.0.3,https://registry.npmjs.org/postcss-custom-selectors/-/postcss-custom-selectors-6.0.3.tgz
postcss-dir-pseudo-class,6.0.5,https://registry.npmjs.org/postcss-dir-pseudo-class/-/postcss-dir-pseudo-class-6.0.5.tgz
postcss-discard-comments,5.1.2,https://registry.npmjs.org/postcss-discard-comments/-/postcss-discard-comments-5.1.2.tgz
postcss-discard-duplicates,5.1.0,https://registry.npmjs.org/postcss-discard-duplicates/-/postcss-discard-duplicates-5.1.0.tgz
postcss-discard-empty,5.1.1,https://registry.npmjs.org/postcss-discard-empty/-/postcss-discard-empty-5.1.1.tgz
postcss-discard-overridden,5.1.0,https://registry.npmjs.org/postcss-discard-overridden/-/postcss-discard-overridden-5.1.0.tgz
postcss-double-position-gradients,3.1.2,https://registry.npmjs.org/postcss-double-position-gradients/-/postcss-double-position-gradients-3.1.2.tgz
postcss-env-function,4.0.6,https://registry.npmjs.org/postcss-env-function/-/postcss-env-function-4.0.6.tgz
postcss-flexbugs-fixes,5.0.2,https://registry.npmjs.org/postcss-flexbugs-fixes/-/postcss-flexbugs-fixes-5.0.2.tgz
postcss-focus-visible,6.0.4,https://registry.npmjs.org/postcss-focus-visible/-/postcss-focus-visible-6.0.4.tgz
postcss-focus-within,5.0.4,https://registry.npmjs.org/postcss-focus-within/-/postcss-focus-within-5.0.4.tgz
postcss-font-variant,5.0.0,https://registry.npmjs.org/postcss-font-variant/-/postcss-font-variant-5.0.0.tgz
postcss-gap-properties,3.0.5,https://registry.npmjs.org/postcss-gap-properties/-/postcss-gap-properties-3.0.5.tgz
postcss-image-set-function,4.0.7,https://registry.npmjs.org/postcss-image-set-function/-/postcss-image-set-function-4.0.7.tgz
postcss-import,15.1.0,https://registry.npmjs.org/postcss-import/-/postcss-import-15.1.0.tgz
postcss-initial,4.0.1,https://registry.npmjs.org/postcss-initial/-/postcss-initial-4.0.1.tgz
postcss-js,4.0.1,https://registry.npmjs.org/postcss-js/-/postcss-js-4.0.1.tgz
postcss-lab-function,4.2.1,https://registry.npmjs.org/postcss-lab-function/-/postcss-lab-function-4.2.1.tgz
postcss-load-config,4.0.1,https://registry.npmjs.org/postcss-load-config/-/postcss-load-config-4.0.1.tgz
postcss-loader,6.2.1,https://registry.npmjs.org/postcss-loader/-/postcss-loader-6.2.1.tgz
postcss-logical,5.0.4,https://registry.npmjs.org/postcss-logical/-/postcss-logical-5.0.4.tgz
postcss-media-minmax,5.0.0,https://registry.npmjs.org/postcss-media-minmax/-/postcss-media-minmax-5.0.0.tgz
postcss-merge-longhand,5.1.7,https://registry.npmjs.org/postcss-merge-longhand/-/postcss-merge-longhand-5.1.7.tgz
postcss-merge-rules,5.1.4,https://registry.npmjs.org/postcss-merge-rules/-/postcss-merge-rules-5.1.4.tgz
postcss-minify-font-values,5.1.0,https://registry.npmjs.org/postcss-minify-font-values/-/postcss-minify-font-values-5.1.0.tgz
postcss-minify-gradients,5.1.1,https://registry.npmjs.org/postcss-minify-gradients/-/postcss-minify-gradients-5.1.1.tgz
postcss-minify-params,5.1.4,https://registry.npmjs.org/postcss-minify-params/-/postcss-minify-params-5.1.4.tgz
postcss-minify-selectors,5.2.1,https://registry.npmjs.org/postcss-minify-selectors/-/postcss-minify-selectors-5.2.1.tgz
postcss-modules-extract-imports,3.0.0,https://registry.npmjs.org/postcss-modules-extract-imports/-/postcss-modules-extract-imports-3.0.0.tgz
postcss-modules-local-by-default,4.0.3,https://registry.npmjs.org/postcss-modules-local-by-default/-/postcss-modules-local-by-default-4.0.3.tgz
postcss-modules-scope,3.0.0,https://registry.npmjs.org/postcss-modules-scope/-/postcss-modules-scope-3.0.0.tgz
postcss-modules-values,4.0.0,https://registry.npmjs.org/postcss-modules-values/-/postcss-modules-values-4.0.0.tgz
postcss-nested,6.0.1,https://registry.npmjs.org/postcss-nested/-/postcss-nested-6.0.1.tgz
postcss-nesting,10.2.0,https://registry.npmjs.org/postcss-nesting/-/postcss-nesting-10.2.0.tgz
postcss-normalize,10.0.1,https://registry.npmjs.org/postcss-normalize/-/postcss-normalize-10.0.1.tgz
postcss-normalize-charset,5.1.0,https://registry.npmjs.org/postcss-normalize-charset/-/postcss-normalize-charset-5.1.0.tgz
postcss-normalize-display-values,5.1.0,https://registry.npmjs.org/postcss-normalize-display-values/-/postcss-normalize-display-values-5.1.0.tgz
postcss-normalize-positions,5.1.1,https://registry.npmjs.org/postcss-normalize-positions/-/postcss-normalize-positions-5.1.1.tgz
postcss-normalize-repeat-style,5.1.1,https://registry.npmjs.org/postcss-normalize-repeat-style/-/postcss-normalize-repeat-style-5.1.1.tgz
postcss-normalize-string,5.1.0,https://registry.npmjs.org/postcss-normalize-string/-/postcss-normalize-string-5.1.0.tgz
postcss-normalize-timing-functions,5.1.0,https://registry.npmjs.org/postcss-normalize-timing-functions/-/postcss-normalize-timing-functions-5.1.0.tgz
postcss-normalize-unicode,5.1.1,https://registry.npmjs.org/postcss-normalize-unicode/-/postcss-normalize-unicode-5.1.1.tgz
postcss-normalize-url,5.1.0,https://registry.npmjs.org/postcss-normalize-url/-/postcss-normalize-url-5.1.0.tgz
postcss-normalize-whitespace,5.1.1,https://registry.npmjs.org/postcss-normalize-whitespace/-/postcss-normalize-whitespace-5.1.1.tgz
postcss-opacity-percentage,1.1.3,https://registry.npmjs.org/postcss-opacity-percentage/-/postcss-opacity-percentage-1.1.3.tgz
postcss-ordered-values,5.1.3,https://registry.npmjs.org/postcss-ordered-values/-/postcss-ordered-values-5.1.3.tgz
postcss-overflow-shorthand,3.0.4,https://registry.npmjs.org/postcss-overflow-shorthand/-/postcss-overflow-shorthand-3.0.4.tgz
postcss-page-break,3.0.4,https://registry.npmjs.org/postcss-page-break/-/postcss-page-break-3.0.4.tgz
postcss-place,7.0.5,https://registry.npmjs.org/postcss-place/-/postcss-place-7.0.5.tgz
postcss-preset-env,7.8.3,https://registry.npmjs.org/postcss-preset-env/-/postcss-preset-env-7.8.3.tgz
postcss-pseudo-class-any-link,7.1.6,https://registry.npmjs.org/postcss-pseudo-class-any-link/-/postcss-pseudo-class-any-link-7.1.6.tgz
postcss-reduce-initial,5.1.2,https://registry.npmjs.org/postcss-reduce-initial/-/postcss-reduce-initial-5.1.2.tgz
postcss-reduce-transforms,5.1.0,https://registry.npmjs.org/postcss-reduce-transforms/-/postcss-reduce-transforms-5.1.0.tgz
postcss-replace-overflow-wrap,4.0.0,https://registry.npmjs.org/postcss-replace-overflow-wrap/-/postcss-replace-overflow-wrap-4.0.0.tgz
postcss-selector-not,6.0.1,https://registry.npmjs.org/postcss-selector-not/-/postcss-selector-not-6.0.1.tgz
postcss-selector-parser,6.0.13,N/A
postcss-svgo,5.1.0,https://registry.npmjs.org/postcss-svgo/-/postcss-svgo-5.1.0.tgz
postcss-unique-selectors,5.1.1,https://registry.npmjs.org/postcss-unique-selectors/-/postcss-unique-selectors-5.1.1.tgz
postcss-value-parser,4.2.0,N/A
pretty-bytes,5.6.0,https://registry.npmjs.org/pretty-bytes/-/pretty-bytes-5.6.0.tgz
pretty-error,4.0.0,https://registry.npmjs.org/pretty-error/-/pretty-error-4.0.0.tgz
pretty-format,27.5.1,https://registry.npmjs.org/pretty-format/-/pretty-format-27.5.1.tgz
pretty-format,28.1.3,https://registry.npmjs.org/pretty-format/-/pretty-format-28.1.3.tgz
pretty-format,30.2.0,N/A
promise,8.3.0,https://registry.npmjs.org/promise/-/promise-8.3.0.tgz
prompts,2.4.2,https://registry.npmjs.org/prompts/-/prompts-2.4.2.tgz
prop-types,15.8.1,https://registry.npmjs.org/prop-types/-/prop-types-15.8.1.tgz
prosemirror-commands,1.6.2,https://registry.npmjs.org/prosemirror-commands/-/prosemirror-commands-1.6.2.tgz
prosemirror-dropcursor,1.8.1,https://registry.npmjs.org/prosemirror-dropcursor/-/prosemirror-dropcursor-1.8.1.tgz
prosemirror-history,1.4.1,https://registry.npmjs.org/prosemirror-history/-/prosemirror-history-1.4.1.tgz
prosemirror-keymap,1.2.2,https://registry.npmjs.org/prosemirror-keymap/-/prosemirror-keymap-1.2.2.tgz
prosemirror-markdown,1.13.1,https://registry.npmjs.org/prosemirror-markdown/-/prosemirror-markdown-1.13.1.tgz
prosemirror-model,1.24.1,N/A
prosemirror-state,1.4.3,N/A
prosemirror-transform,1.10.2,N/A
prosemirror-utils,1.2.2,https://registry.npmjs.org/prosemirror-utils/-/prosemirror-utils-1.2.2.tgz
prosemirror-view,1.37.1,N/A
punycode,2.3.0,N/A
punycode.js,2.3.1,https://registry.npmjs.org/punycode.js/-/punycode.js-2.3.1.tgz
q,1.5.1,https://registry.npmjs.org/q/-/q-1.5.1.tgz
raf,3.4.1,https://registry.npmjs.org/raf/-/raf-3.4.1.tgz
randombytes,2.1.0,https://registry.npmjs.org/randombytes/-/randombytes-2.1.0.tgz
react,18.3.1,N/A
react-app-polyfill,3.0.0,https://registry.npmjs.org/react-app-polyfill/-/react-app-polyfill-3.0.0.tgz
react-dev-utils,12.0.1,https://registry.npmjs.org/react-dev-utils/-/react-dev-utils-12.0.1.tgz
react-dom,18.3.1,N/A
react-error-overlay,6.0.11,https://registry.npmjs.org/react-error-overlay/-/react-error-overlay-6.0.11.tgz
react-fast-compare,3.2.2,https://registry.npmjs.org/react-fast-compare/-/react-fast-compare-3.2.2.tgz
react-is,16.13.1,https://registry.npmjs.org/react-is/-/react-is-16.13.1.tgz
react-is,17.0.2,https://registry.npmjs.org/react-is/-/react-is-17.0.2.tgz
react-is,18.2.0,https://registry.npmjs.org/react-is/-/react-is-18.2.0.tgz
react-popper,2.3.0,https://registry.npmjs.org/react-popper/-/react-popper-2.3.0.tgz
react-refresh,0.11.0,N/A
react-scripts,5.0.1,https://registry.npmjs.org/react-scripts/-/react-scripts-5.0.1.tgz
react-uid,2.4.0,https://registry.npmjs.org/react-uid/-/react-uid-2.4.0.tgz
read-cache,1.0.0,https://registry.npmjs.org/read-cache/-/read-cache-1.0.0.tgz
recursive-readdir,2.2.3,https://registry.npmjs.org/recursive-readdir/-/recursive-readdir-2.2.3.tgz
redent,3.0.0,https://registry.npmjs.org/redent/-/redent-3.0.0.tgz
regenerate,1.4.2,N/A
regenerate-unicode-properties,10.1.0,https://registry.npmjs.org/regenerate-unicode-properties/-/regenerate-unicode-properties-10.1.0.tgz
regenerator-runtime,0.13.11,https://registry.npmjs.org/regenerator-runtime/-/regenerator-runtime-0.13.11.tgz
regenerator-transform,0.15.1,https://registry.npmjs.org/regenerator-transform/-/regenerator-transform-0.15.1.tgz
regex-parser,2.2.11,https://registry.npmjs.org/regex-parser/-/regex-parser-2.2.11.tgz
regexp.prototype.flags,1.5.0,https://registry.npmjs.org/regexp.prototype.flags/-/regexp.prototype.flags-1.5.0.tgz
regexpu-core,5.3.2,https://registry.npmjs.org/regexpu-core/-/regexpu-core-5.3.2.tgz
regjsparser,0.9.1,https://registry.npmjs.org/regjsparser/-/regjsparser-0.9.1.tgz
relateurl,0.2.7,https://registry.npmjs.org/relateurl/-/relateurl-0.2.7.tgz
renderkid,3.0.0,https://registry.npmjs.org/renderkid/-/renderkid-3.0.0.tgz
require-from-string,2.0.2,N/A
resolve,1.22.2,N/A
resolve,2.0.0-next.4,https://registry.npmjs.org/resolve/-/resolve-2.0.0-next.4.tgz
resolve-from,5.0.0,https://registry.npmjs.org/resolve-from/-/resolve-from-5.0.0.tgz
resolve-url-loader,4.0.0,https://registry.npmjs.org/resolve-url-loader/-/resolve-url-loader-4.0.0.tgz
resolve.exports,1.1.1,https://registry.npmjs.org/resolve.exports/-/resolve.exports-1.1.1.tgz
rollup,2.79.2,N/A
rollup-plugin-terser,7.0.2,https://registry.npmjs.org/rollup-plugin-terser/-/rollup-plugin-terser-7.0.2.tgz
rope-sequence,1.3.4,https://registry.npmjs.org/rope-sequence/-/rope-sequence-1.3.4.tgz
safe-buffer,5.1.2,https://registry.npmjs.org/safe-buffer/-/safe-buffer-5.1.2.tgz
safer-buffer,2.1.2,https://registry.npmjs.org/safer-buffer/-/safer-buffer-2.1.2.tgz
sanitize.css,13.0.0,https://registry.npmjs.org/sanitize.css/-/sanitize.css-13.0.0.tgz
sass-loader,12.6.0,https://registry.npmjs.org/sass-loader/-/sass-loader-12.6.0.tgz
sax,1.2.4,https://registry.npmjs.org/sax/-/sax-1.2.4.tgz
schema-utils,2.7.0,https://registry.npmjs.org/schema-utils/-/schema-utils-2.7.0.tgz
schema-utils,2.7.1,https://registry.npmjs.org/schema-utils/-/schema-utils-2.7.1.tgz
schema-utils,3.3.0,https://registry.npmjs.org/schema-utils/-/schema-utils-3.3.0.tgz
schema-utils,4.2.0,https://registry.npmjs.org/schema-utils/-/schema-utils-4.2.0.tgz
schema-utils,4.3.2,https://registry.npmjs.org/schema-utils/-/schema-utils-4.3.2.tgz
semver,6.3.1,https://registry.npmjs.org/semver/-/semver-6.3.1.tgz
semver,7.7.3,N/A
serialize-javascript,4.0.0,https://registry.npmjs.org/serialize-javascript/-/serialize-javascript-4.0.0.tgz
serialize-javascript,6.0.2,https://registry.npmjs.org/serialize-javascript/-/serialize-javascript-6.0.2.tgz
shell-quote,1.8.1,https://registry.npmjs.org/shell-quote/-/shell-quote-1.8.1.tgz
side-channel,1.1.0,N/A
signal-exit,4.1.0,https://registry.npmjs.org/signal-exit/-/signal-exit-4.1.0.tgz
sisteransi,1.0.5,https://registry.npmjs.org/sisteransi/-/sisteransi-1.0.5.tgz
slash,3.0.0,N/A
slash,4.0.0,https://registry.npmjs.org/slash/-/slash-4.0.0.tgz
source-list-map,2.0.1,https://registry.npmjs.org/source-list-map/-/source-list-map-2.0.1.tgz
source-map,0.6.1,https://registry.npmjs.org/source-map/-/source-map-0.6.1.tgz
source-map,0.7.4,https://registry.npmjs.org/source-map/-/source-map-0.7.4.tgz
source-map,0.8.0-beta.0,https://registry.npmjs.org/source-map/-/source-map-0.8.0-beta.0.tgz
source-map-js,1.2.1,N/A
source-map-loader,3.0.2,https://registry.npmjs.org/source-map-loader/-/source-map-loader-3.0.2.tgz
sourcemap-codec,1.4.8,https://registry.npmjs.org/sourcemap-codec/-/sourcemap-codec-1.4.8.tgz
sprintf-js,1.0.3,https://registry.npmjs.org/sprintf-js/-/sprintf-js-1.0.3.tgz
stable,0.1.8,https://registry.npmjs.org/stable/-/stable-0.1.8.tgz
stack-utils,2.0.6,https://registry.npmjs.org/stack-utils/-/stack-utils-2.0.6.tgz
stackframe,1.3.4,https://registry.npmjs.org/stackframe/-/stackframe-1.3.4.tgz
string-length,4.0.2,https://registry.npmjs.org/string-length/-/string-length-4.0.2.tgz
string-length,5.0.1,https://registry.npmjs.org/string-length/-/string-length-5.0.1.tgz
string-natural-compare,3.0.1,https://registry.npmjs.org/string-natural-compare/-/string-natural-compare-3.0.1.tgz
string-width,4.2.3,https://registry.npmjs.org/string-width/-/string-width-4.2.3.tgz
string-width,5.1.2,https://registry.npmjs.org/string-width/-/string-width-5.1.2.tgz
string-width-cjs,4.2.3,https://registry.npmjs.org/string-width/-/string-width-4.2.3.tgz
string.prototype.matchall,4.0.8,https://registry.npmjs.org/string.prototype.matchall/-/string.prototype.matchall-4.0.8.tgz
stringify-object,3.3.0,https://registry.npmjs.org/stringify-object/-/stringify-object-3.3.0.tgz
strip-ansi,6.0.1,N/A
strip-ansi,7.1.0,N/A
strip-ansi,7.1.2,https://registry.npmjs.org/strip-ansi/-/strip-ansi-7.1.2.tgz
strip-ansi-cjs,6.0.1,https://registry.npmjs.org/strip-ansi/-/strip-ansi-6.0.1.tgz
strip-bom,3.0.0,https://registry.npmjs.org/strip-bom/-/strip-bom-3.0.0.tgz
strip-comments,2.0.1,https://registry.npmjs.org/strip-comments/-/strip-comments-2.0.1.tgz
strip-indent,3.0.0,https://registry.npmjs.org/strip-indent/-/strip-indent-3.0.0.tgz
style-loader,3.3.3,https://registry.npmjs.org/style-loader/-/style-loader-3.3.3.tgz
stylehacks,5.1.1,https://registry.npmjs.org/stylehacks/-/stylehacks-5.1.1.tgz
sucrase,3.32.0,https://registry.npmjs.org/sucrase/-/sucrase-3.32.0.tgz
supports-color,5.5.0,https://registry.npmjs.org/supports-color/-/supports-color-5.5.0.tgz
supports-color,7.2.0,https://registry.npmjs.org/supports-color/-/supports-color-7.2.0.tgz
supports-color,8.1.1,https://registry.npmjs.org/supports-color/-/supports-color-8.1.1.tgz
supports-preserve-symlinks-flag,1.0.0,N/A
svgo,1.3.2,https://registry.npmjs.org/svgo/-/svgo-1.3.2.tgz
svgo,2.8.0,https://registry.npmjs.org/svgo/-/svgo-2.8.0.tgz
tailwindcss,3.3.2,https://registry.npmjs.org/tailwindcss/-/tailwindcss-3.3.2.tgz
tapable,1.1.3,https://registry.npmjs.org/tapable/-/tapable-1.1.3.tgz
tapable,2.2.1,https://registry.npmjs.org/tapable/-/tapable-2.2.1.tgz
temp-dir,2.0.0,https://registry.npmjs.org/temp-dir/-/temp-dir-2.0.0.tgz
tempy,0.6.0,https://registry.npmjs.org/tempy/-/tempy-0.6.0.tgz
terser,5.43.1,N/A
terser-webpack-plugin,5.3.14,https://registry.npmjs.org/terser-webpack-plugin/-/terser-webpack-plugin-5.3.14.tgz
test-exclude,6.0.0,https://registry.npmjs.org/test-exclude/-/test-exclude-6.0.0.tgz
text-table,0.2.0,N/A
thenify,3.3.1,https://registry.npmjs.org/thenify/-/thenify-3.3.1.tgz
thenify-all,1.6.0,https://registry.npmjs.org/thenify-all/-/thenify-all-1.6.0.tgz
tiny-invariant,1.3.3,https://registry.npmjs.org/tiny-invariant/-/tiny-invariant-1.3.3.tgz
tmpl,1.0.5,https://registry.npmjs.org/tmpl/-/tmpl-1.0.5.tgz
tr46,1.0.1,https://registry.npmjs.org/tr46/-/tr46-1.0.1.tgz
tryer,1.0.1,https://registry.npmjs.org/tryer/-/tryer-1.0.1.tgz
ts-interface-checker,0.1.13,https://registry.npmjs.org/ts-interface-checker/-/ts-interface-checker-0.1.13.tgz
ts-jest,29.4.6,https://registry.npmjs.org/ts-jest/-/ts-jest-29.4.6.tgz
tsconfig-paths,3.14.2,https://registry.npmjs.org/tsconfig-paths/-/tsconfig-paths-3.14.2.tgz
tslib,2.6.0,https://registry.npmjs.org/tslib/-/tslib-2.6.0.tgz
tslib,2.8.1,https://registry.npmjs.org/tslib/-/tslib-2.8.1.tgz
tsutils,3.21.0,N/A
type-fest,0.16.0,https://registry.npmjs.org/type-fest/-/type-fest-0.16.0.tgz
type-fest,0.21.3,https://registry.npmjs.org/type-fest/-/type-fest-0.21.3.tgz
type-fest,4.41.0,https://registry.npmjs.org/type-fest/-/type-fest-4.41.0.tgz
typescript,5.9.3,N/A
uc.micro,1.0.6,https://registry.npmjs.org/uc.micro/-/uc.micro-1.0.6.tgz
uc.micro,2.1.0,N/A
uglify-js,3.19.3,https://registry.npmjs.org/uglify-js/-/uglify-js-3.19.3.tgz
undici,7.16.0,https://registry.npmjs.org/undici/-/undici-7.16.0.tgz
unicode-canonical-property-names-ecmascript,2.0.0,https://registry.npmjs.org/unicode-canonical-property-names-ecmascript/-/unicode-canonical-property-names-ecmascript-2.0.0.tgz
unicode-match-property-ecmascript,2.0.0,https://registry.npmjs.org/unicode-match-property-ecmascript/-/unicode-match-property-ecmascript-2.0.0.tgz
unicode-match-property-value-ecmascript,2.1.0,https://registry.npmjs.org/unicode-match-property-value-ecmascript/-/unicode-match-property-value-ecmascript-2.1.0.tgz
unicode-property-aliases-ecmascript,2.1.0,https://registry.npmjs.org/unicode-property-aliases-ecmascript/-/unicode-property-aliases-ecmascript-2.1.0.tgz
unique-string,2.0.0,https://registry.npmjs.org/unique-string/-/unique-string-2.0.0.tgz
universalify,2.0.0,N/A
unquote,1.1.1,https://registry.npmjs.org/unquote/-/unquote-1.1.1.tgz
upath,1.2.0,https://registry.npmjs.org/upath/-/upath-1.2.0.tgz
uri-js,4.4.1,N/A
use-memo-one,1.1.3,https://registry.npmjs.org/use-memo-one/-/use-memo-one-1.1.3.tgz
util.promisify,1.0.1,https://registry.npmjs.org/util.promisify/-/util.promisify-1.0.1.tgz
utila,0.4.0,https://registry.npmjs.org/utila/-/utila-0.4.0.tgz
uuid,9.0.1,https://registry.npmjs.org/uuid/-/uuid-9.0.1.tgz
w3c-keyname,2.2.8,https://registry.npmjs.org/w3c-keyname/-/w3c-keyname-2.2.8.tgz
walker,1.0.8,https://registry.npmjs.org/walker/-/walker-1.0.8.tgz
warning,4.0.3,https://registry.npmjs.org/warning/-/warning-4.0.3.tgz
webidl-conversions,4.0.2,https://registry.npmjs.org/webidl-conversions/-/webidl-conversions-4.0.2.tgz
webpack,5.100.2,N/A
webpack-dev-server,4.15.2,N/A
webpack-manifest-plugin,4.1.1,https://registry.npmjs.org/webpack-manifest-plugin/-/webpack-manifest-plugin-4.1.1.tgz
webpack-sources,1.4.3,https://registry.npmjs.org/webpack-sources/-/webpack-sources-1.4.3.tgz
webpack-sources,2.3.1,https://registry.npmjs.org/webpack-sources/-/webpack-sources-2.3.1.tgz
whatwg-encoding,3.1.1,https://registry.npmjs.org/whatwg-encoding/-/whatwg-encoding-3.1.1.tgz
whatwg-fetch,3.6.2,https://registry.npmjs.org/whatwg-fetch/-/whatwg-fetch-3.6.2.tgz
whatwg-mimetype,4.0.0,https://registry.npmjs.org/whatwg-mimetype/-/whatwg-mimetype-4.0.0.tgz
whatwg-url,7.1.0,https://registry.npmjs.org/whatwg-url/-/whatwg-url-7.1.0.tgz
which,1.3.1,https://registry.npmjs.org/which/-/which-1.3.1.tgz
wordwrap,1.0.0,https://registry.npmjs.org/wordwrap/-/wordwrap-1.0.0.tgz
workbox-background-sync,6.6.0,https://registry.npmjs.org/workbox-background-sync/-/workbox-background-sync-6.6.0.tgz
workbox-broadcast-update,6.6.0,https://registry.npmjs.org/workbox-broadcast-update/-/workbox-broadcast-update-6.6.0.tgz
workbox-build,6.6.0,https://registry.npmjs.org/workbox-build/-/workbox-build-6.6.0.tgz
workbox-cacheable-response,6.6.0,https://registry.npmjs.org/workbox-cacheable-response/-/workbox-cacheable-response-6.6.0.tgz
workbox-core,6.6.0,N/A
workbox-expiration,6.6.0,https://registry.npmjs.org/workbox-expiration/-/workbox-expiration-6.6.0.tgz
workbox-google-analytics,6.6.0,https://registry.npmjs.org/workbox-google-analytics/-/workbox-google-analytics-6.6.0.tgz
workbox-navigation-preload,6.6.0,https://registry.npmjs.org/workbox-navigation-preload/-/workbox-navigation-preload-6.6.0.tgz
workbox-precaching,6.6.0,https://registry.npmjs.org/workbox-precaching/-/workbox-precaching-6.6.0.tgz
workbox-range-requests,6.6.0,https://registry.npmjs.org/workbox-range-requests/-/workbox-range-requests-6.6.0.tgz
workbox-recipes,6.6.0,https://registry.npmjs.org/workbox-recipes/-/workbox-recipes-6.6.0.tgz
workbox-routing,6.6.0,N/A
workbox-strategies,6.6.0,N/A
workbox-streams,6.6.0,https://registry.npmjs.org/workbox-streams/-/workbox-streams-6.6.0.tgz
workbox-sw,6.6.0,https://registry.npmjs.org/workbox-sw/-/workbox-sw-6.6.0.tgz
workbox-webpack-plugin,6.6.0,https://registry.npmjs.org/workbox-webpack-plugin/-/workbox-webpack-plugin-6.6.0.tgz
workbox-window,6.6.0,https://registry.npmjs.org/workbox-window/-/workbox-window-6.6.0.tgz
wrap-ansi,8.1.0,https://registry.npmjs.org/wrap-ansi/-/wrap-ansi-8.1.0.tgz
wrap-ansi-cjs,7.0.0,https://registry.npmjs.org/wrap-ansi/-/wrap-ansi-7.0.0.tgz
yallist,3.1.1,https://registry.npmjs.org/yallist/-/yallist-3.1.1.tgz
yaml,1.10.2,https://registry.npmjs.org/yaml/-/yaml-1.10.2.tgz
yaml,2.3.1,https://registry.npmjs.org/yaml/-/yaml-2.3.1.tgz
yaml,2.8.2,https://registry.npmjs.org/yaml/-/yaml-2.8.2.tgz
yargs-parser,21.1.1,https://registry.npmjs.org/yargs-parser/-/yargs-parser-21.1.1.tgz
