name,version
@adobe/css-tools,4.4.4
@alloc/quick-lru,5.2.0
@ampproject/remapping,2.2.1
@apideck/better-ajv-errors,0.3.6
@atlaskit/adf-schema,48.0.0
@atlaskit/analytics-next,11.1.3
@atlaskit/analytics-next-stable-react-context,1.0.1
@atlaskit/app-provider,3.3.2
@atlaskit/atlassian-context,0.2.0
@atlaskit/browser-apis,0.0.1
@atlaskit/button,23.9.4
@atlaskit/codemod-utils,4.2.5
@atlaskit/css,0.17.1
@atlaskit/css,0.19.1
@atlaskit/css-reset,6.16.0
@atlaskit/ds-lib,2.7.0
@atlaskit/ds-lib,3.5.1
@atlaskit/ds-lib,5.3.0
@atlaskit/editor-prosemirror,7.2.2
@atlaskit/feature-gate-js-client,4.26.5
@atlaskit/focus-ring,3.0.9
@atlaskit/icon,29.4.2
@atlaskit/interaction-context,3.1.0
@atlaskit/layering,3.6.0
@atlaskit/motion,5.3.10
@atlaskit/platform-feature-flags,0.3.0
@atlaskit/platform-feature-flags,1.1.1
@atlaskit/popper,7.1.7
@atlaskit/portal,5.2.0
@atlaskit/primitives,17.1.1
@atlaskit/spinner,19.0.9
@atlaskit/theme,16.0.0
@atlaskit/theme,21.0.4
@atlaskit/tokens,1.61.0
@atlaskit/tokens,10.0.0
@atlaskit/tokens,3.3.2
@atlaskit/tokens,8.6.1
@atlaskit/tooltip,20.14.1
@atlaskit/visually-hidden,3.0.4
@babel/code-frame,7.27.1
@babel/compat-data,7.22.5
@babel/core,7.22.5
@babel/eslint-parser,7.22.5
@babel/generator,7.28.0
@babel/helper-annotate-as-pure,7.22.5
@babel/helper-builder-binary-assignment-operator-visitor,7.22.5
@babel/helper-compilation-targets,7.22.5
@babel/helper-create-class-features-plugin,7.22.5
@babel/helper-create-regexp-features-plugin,7.22.5
@babel/helper-define-polyfill-provider,0.4.0
@babel/helper-environment-visitor,7.22.5
@babel/helper-function-name,7.22.5
@babel/helper-hoist-variables,7.22.5
@babel/helper-member-expression-to-functions,7.22.5
@babel/helper-module-imports,7.22.5
@babel/helper-module-transforms,7.22.5
@babel/helper-optimise-call-expression,7.22.5
@babel/helper-plugin-utils,7.22.5
@babel/helper-remap-async-to-generator,7.22.5
@babel/helper-replace-supers,7.22.5
@babel/helper-simple-access,7.22.5
@babel/helper-skip-transparent-expression-wrappers,7.22.5
@babel/helper-split-export-declaration,7.22.5
@babel/helper-validator-identifier,7.27.1
@babel/helper-validator-option,7.22.5
@babel/helper-wrap-function,7.22.5
@babel/helpers,7.27.6
@babel/parser,7.28.0
@babel/plugin-bugfix-safari-id-destructuring-collision-in-function-expression,7.22.5
@babel/plugin-bugfix-v8-spread-parameters-in-optional-chaining,7.22.5
@babel/plugin-proposal-class-properties,7.18.6
@babel/plugin-proposal-decorators,7.22.5
@babel/plugin-proposal-nullish-coalescing-operator,7.18.6
@babel/plugin-proposal-numeric-separator,7.18.6
@babel/plugin-proposal-optional-chaining,7.21.0
@babel/plugin-proposal-private-methods,7.18.6
@babel/plugin-proposal-private-property-in-object,7.21.0-placeholder-for-preset-env.2
@babel/plugin-proposal-private-property-in-object,7.21.11
@babel/plugin-proposal-unicode-property-regex,7.18.6
@babel/plugin-syntax-async-generators,7.8.4
@babel/plugin-syntax-bigint,7.8.3
@babel/plugin-syntax-class-properties,7.12.13
@babel/plugin-syntax-class-static-block,7.14.5
@babel/plugin-syntax-decorators,7.22.5
@babel/plugin-syntax-dynamic-import,7.8.3
@babel/plugin-syntax-export-namespace-from,7.8.3
@babel/plugin-syntax-flow,7.22.5
@babel/plugin-syntax-import-assertions,7.22.5
@babel/plugin-syntax-import-attributes,7.22.5
@babel/plugin-syntax-import-meta,7.10.4
@babel/plugin-syntax-json-strings,7.8.3
@babel/plugin-syntax-jsx,7.22.5
@babel/plugin-syntax-logical-assignment-operators,7.10.4
@babel/plugin-syntax-nullish-coalescing-operator,7.8.3
@babel/plugin-syntax-numeric-separator,7.10.4
@babel/plugin-syntax-object-rest-spread,7.8.3
@babel/plugin-syntax-optional-catch-binding,7.8.3
@babel/plugin-syntax-optional-chaining,7.8.3
@babel/plugin-syntax-private-property-in-object,7.14.5
@babel/plugin-syntax-top-level-await,7.14.5
@babel/plugin-syntax-typescript,7.22.5
@babel/plugin-syntax-unicode-sets-regex,7.18.6
@babel/plugin-transform-arrow-functions,7.22.5
@babel/plugin-transform-async-generator-functions,7.22.5
@babel/plugin-transform-async-to-generator,7.22.5
@babel/plugin-transform-block-scoped-functions,7.22.5
@babel/plugin-transform-block-scoping,7.22.5
@babel/plugin-transform-class-properties,7.22.5
@babel/plugin-transform-class-static-block,7.22.5
@babel/plugin-transform-classes,7.22.5
@babel/plugin-transform-computed-properties,7.22.5
@babel/plugin-transform-destructuring,7.22.5
@babel/plugin-transform-dotall-regex,7.22.5
@babel/plugin-transform-duplicate-keys,7.22.5
@babel/plugin-transform-dynamic-import,7.22.5
@babel/plugin-transform-exponentiation-operator,7.22.5
@babel/plugin-transform-export-namespace-from,7.22.5
@babel/plugin-transform-flow-strip-types,7.22.5
@babel/plugin-transform-for-of,7.22.5
@babel/plugin-transform-function-name,7.22.5
@babel/plugin-transform-json-strings,7.22.5
@babel/plugin-transform-literals,7.22.5
@babel/plugin-transform-logical-assignment-operators,7.22.5
@babel/plugin-transform-member-expression-literals,7.22.5
@babel/plugin-transform-modules-amd,7.22.5
@babel/plugin-transform-modules-commonjs,7.22.5
@babel/plugin-transform-modules-systemjs,7.22.5
@babel/plugin-transform-modules-umd,7.22.5
@babel/plugin-transform-named-capturing-groups-regex,7.22.5
@babel/plugin-transform-new-target,7.22.5
@babel/plugin-transform-nullish-coalescing-operator,7.22.5
@babel/plugin-transform-numeric-separator,7.22.5
@babel/plugin-transform-object-rest-spread,7.22.5
@babel/plugin-transform-object-super,7.22.5
@babel/plugin-transform-optional-catch-binding,7.22.5
@babel/plugin-transform-optional-chaining,7.22.5
@babel/plugin-transform-parameters,7.22.5
@babel/plugin-transform-private-methods,7.22.5
@babel/plugin-transform-private-property-in-object,7.22.5
@babel/plugin-transform-property-literals,7.22.5
@babel/plugin-transform-react-constant-elements,7.14.5
@babel/plugin-transform-react-display-name,7.22.5
@babel/plugin-transform-react-jsx,7.22.5
@babel/plugin-transform-react-jsx-development,7.22.5
@babel/plugin-transform-react-pure-annotations,7.22.5
@babel/plugin-transform-regenerator,7.22.5
@babel/plugin-transform-reserved-words,7.22.5
@babel/plugin-transform-runtime,7.22.5
@babel/plugin-transform-shorthand-properties,7.22.5
@babel/plugin-transform-spread,7.22.5
@babel/plugin-transform-sticky-regex,7.22.5
@babel/plugin-transform-template-literals,7.22.5
@babel/plugin-transform-typeof-symbol,7.22.5
@babel/plugin-transform-typescript,7.22.5
@babel/plugin-transform-unicode-escapes,7.22.5
@babel/plugin-transform-unicode-property-regex,7.22.5
@babel/plugin-transform-unicode-regex,7.22.5
@babel/plugin-transform-unicode-sets-regex,7.22.5
@babel/preset-env,7.22.5
@babel/preset-modules,0.1.5
@babel/preset-react,7.22.5
@babel/preset-typescript,7.22.5
@babel/regjsgen,0.8.0
@babel/runtime,7.27.6
@babel/template,7.27.2
@babel/traverse,7.28.0
@babel/types,7.28.1
@compiled/react,0.18.6
@csstools/normalize.css,12.0.0
@csstools/postcss-cascade-layers,1.1.1
@csstools/postcss-color-function,1.1.1
@csstools/postcss-font-format-keywords,1.0.1
@csstools/postcss-hwb-function,1.0.2
@csstools/postcss-ic-unit,1.0.1
@csstools/postcss-is-pseudo-class,2.0.7
@csstools/postcss-nested-calc,1.0.0
@csstools/postcss-normalize-display-values,1.0.1
@csstools/postcss-oklab-function,1.1.1
@csstools/postcss-progressive-custom-properties,1.3.0
@csstools/postcss-stepped-value-functions,1.0.1
@csstools/postcss-text-decoration-shorthand,1.0.0
@csstools/postcss-trigonometric-functions,1.0.2
@csstools/postcss-unset-value,1.0.2
@csstools/selector-specificity,2.2.0
@emotion/hash,0.9.2
@emotion/memoize,0.9.0
@emotion/react,11.14.0
@emotion/serialize,1.3.3
@emotion/unitless,0.10.0
@emotion/utils,1.4.2
@eslint-community/regexpp,4.5.1
@forge/api,6.4.3
@forge/auth,0.0.9
@forge/bridge,5.10.2
@forge/egress,2.3.1
@forge/i18n,0.0.7
@forge/manifest,11.3.2
@forge/resolver,1.7.1
@forge/storage,2.0.3
@isaacs/balanced-match,4.0.1
@isaacs/brace-expansion,5.0.0
@isaacs/cliui,8.0.2
@istanbuljs/load-nyc-config,1.1.0
@istanbuljs/schema,0.1.3
@jest/console,28.1.3
@jest/diff-sequences,30.0.1
@jest/expect-utils,30.2.0
@jest/get-type,30.1.0
@jest/pattern,30.0.1
@jest/schemas,28.1.3
@jest/schemas,30.0.5
@jest/test-result,28.1.3
@jest/transform,27.5.1
@jest/types,27.5.1
@jest/types,28.1.3
@jest/types,30.2.0
@jridgewell/gen-mapping,0.3.12
@jridgewell/trace-mapping,0.3.29
@nicolo-ribaudo/eslint-scope-5-internals,5.1.1-v1
@playwright/test,1.58.0
@pmmmwh/react-refresh-webpack-plugin,0.5.17
@popperjs/core,2.11.8
@rollup/plugin-babel,5.3.1
@rollup/plugin-node-resolve,11.2.1
@rollup/plugin-replace,2.4.2
@rollup/pluginutils,3.1.0
@rushstack/eslint-patch,1.3.2
@sentry-internal/tracing,7.106.0
@sentry/core,7.106.0
@sentry/node,7.106.0
@sentry/types,7.106.0
@sentry/utils,7.106.0
@statsig/client-core,3.18.2
@statsig/client-core,3.19.0
@statsig/js-client,3.18.2
@statsig/js-client,3.19.0
@surma/rollup-plugin-off-main-thread,2.2.3
@svgr/core,5.5.0
@svgr/plugin-jsx,5.5.0
@svgr/plugin-svgo,5.5.0
@svgr/webpack,5.5.0
@testing-library/dom,10.4.1
@testing-library/jest-dom,6.9.1
@testing-library/react,16.3.2
@testing-library/user-event,14.6.1
@trysound/sax,0.2.0
@types/aria-query,5.0.4
@types/babel__core,7.20.1
@types/babel__generator,7.6.4
@types/babel__template,7.4.1
@types/babel__traverse,7.20.1
@types/eslint,8.40.2
@types/estree,0.0.39
@types/estree,1.0.8
@types/graceful-fs,4.1.6
@types/history,4.7.11
@types/html-minifier-terser,6.1.0
@types/iframe-resizer,3.5.13
@types/istanbul-lib-coverage,2.0.6
@types/istanbul-reports,3.0.4
@types/jest,30.0.0
@types/json-schema,7.0.15
@types/json5,0.0.29
@types/linkify-it,5.0.0
@types/markdown-it,14.1.2
@types/mdurl,2.0.0
@types/node,25.0.10
@types/parse-json,4.0.0
@types/q,1.5.5
@types/react,19.2.9
@types/react-dom,19.2.3
@types/resolve,1.17.1
@types/stack-utils,2.0.3
@types/trusted-types,2.0.3
@types/yargs,17.0.35
@types/yargs-parser,21.0.0
@typescript-eslint/eslint-plugin,5.60.1
@typescript-eslint/experimental-utils,5.60.1
@typescript-eslint/parser,5.60.1
@typescript-eslint/scope-manager,5.60.1
@typescript-eslint/type-utils,5.60.1
@typescript-eslint/types,5.60.1
@typescript-eslint/typescript-estree,5.60.1
@typescript-eslint/utils,5.60.1
@typescript-eslint/visitor-keys,5.60.1
abab,2.0.6
address,1.2.2
adjust-sourcemap-loader,4.0.0
ajv,6.12.6
ajv,8.12.0
ajv,8.17.1
ajv-formats,2.1.1
ajv-keywords,3.5.2
ajv-keywords,5.1.0
ansi-escapes,4.3.2
ansi-html,0.0.9
ansi-regex,5.0.1
ansi-regex,6.2.2
ansi-styles,3.2.1
ansi-styles,4.3.0
ansi-styles,5.2.0
ansi-styles,6.2.3
any-promise,1.3.0
anymatch,3.1.3
arg,5.0.2
argparse,1.0.10
argparse,2.0.1
aria-query,5.3.0
array-includes,3.1.6
array-union,2.1.0
array.prototype.flat,1.3.1
array.prototype.flatmap,1.3.1
array.prototype.tosorted,1.1.1
asap,2.0.6
ast-types-flow,0.0.7
async,3.2.4
at-least-node,1.0.0
autoprefixer,10.4.14
axe-core,4.7.2
axobject-query,3.2.1
babel-jest,27.5.1
babel-loader,8.3.0
babel-plugin-istanbul,6.1.1
babel-plugin-jest-hoist,27.5.1
babel-plugin-macros,3.1.0
babel-plugin-named-asset-import,0.3.8
babel-plugin-polyfill-corejs2,0.4.3
babel-plugin-polyfill-corejs3,0.8.1
babel-plugin-polyfill-regenerator,0.5.0
babel-plugin-transform-react-remove-prop-types,0.4.24
babel-preset-current-node-syntax,1.0.1
babel-preset-jest,27.5.1
babel-preset-react-app,10.0.1
balanced-match,1.0.2
bfj,7.0.2
big.js,5.2.2
bind-event-listener,3.0.0
bluebird,3.7.2
boolbase,1.0.0
brace-expansion,2.0.2
browserslist,4.25.1
bs-logger,0.2.6
bser,2.1.1
builtin-modules,3.3.0
call-bind,1.0.2
call-bind-apply-helpers,1.0.2
camel-case,4.1.2
camelcase,5.3.1
camelcase,6.3.0
camelcase-css,2.0.1
caniuse-api,3.0.0
caniuse-lite,1.0.30001727
case-sensitive-paths-webpack-plugin,2.4.0
chalk,2.4.2
chalk,4.1.2
char-regex,1.0.2
char-regex,2.0.1
check-types,11.1.2
cheerio,1.1.2
cheerio-select,2.1.0
chokidar,3.5.3
clean-css,5.3.2
coa,2.0.2
collect-v8-coverage,1.0.1
color-convert,1.9.3
color-convert,2.0.1
color-name,1.1.3
colord,2.9.3
commander,4.1.1
commander,7.2.0
commander,8.3.0
common-tags,1.8.2
commondir,1.0.1
confusing-browser-globals,1.0.11
convert-source-map,1.8.0
core-js,3.31.0
core-js-compat,3.31.0
core-js-pure,3.31.0
cosmiconfig,6.0.0
cosmiconfig,7.0.1
cross-spawn,7.0.6
crypto-random-string,2.0.0
css-blank-pseudo,3.0.3
css-color-names,0.0.4
css-declaration-sorter,6.4.0
css-has-pseudo,3.0.4
css-loader,6.8.1
css-minimizer-webpack-plugin,3.4.1
css-prefers-color-scheme,6.0.3
css-select,2.1.0
css-select,4.3.0
css-select,5.2.2
css-select-base-adapter,0.1.1
css-tree,1.0.0-alpha.37
css-tree,1.1.3
css-what,3.4.2
css-what,6.1.0
css-what,6.2.2
css.escape,1.5.1
cssdb,7.6.0
cssnano,5.1.15
cssnano-preset-default,5.2.14
cssnano-utils,3.1.0
csso,4.2.0
csstype,3.2.3
damerau-levenshtein,1.0.8
debug,2.6.9
debug,3.2.7
debug,4.3.2
debug,4.3.4
deepmerge,4.2.2
define-lazy-prop,2.0.0
define-properties,1.2.0
dequal,2.0.3
detect-port-alt,1.1.6
didyoumean,1.2.2
dir-glob,3.0.1
dlv,1.1.3
doctrine,2.1.0
dom-accessibility-api,0.5.16
dom-accessibility-api,0.6.3
dom-converter,0.2.0
dom-serializer,0.2.2
dom-serializer,1.4.1
dom-serializer,2.0.0
domelementtype,1.3.1
domelementtype,2.2.0
domelementtype,2.3.0
domhandler,4.3.1
domhandler,5.0.3
domutils,1.7.0
domutils,2.8.0
domutils,3.2.2
dot-case,3.0.4
dotenv,10.0.0
dotenv-expand,5.1.0
dunder-proto,1.0.1
duplexer,0.1.2
eastasianwidth,0.2.0
ejs,3.1.10
emittery,0.10.2
emoji-regex,8.0.0
emoji-regex,9.2.2
emojis-list,3.0.0
encoding-sniffer,0.2.1
entities,2.2.0
entities,4.5.0
entities,6.0.1
error-stack-parser,2.1.4
es-abstract,1.21.2
es-define-property,1.0.1
es-errors,1.3.0
es-object-atoms,1.1.1
es-shim-unscopables,1.0.0
escape-string-regexp,1.0.5
escape-string-regexp,2.0.0
escape-string-regexp,4.0.0
eslint,8.44.0
eslint,8.56.0
eslint-config-react-app,7.0.1
eslint-import-resolver-node,0.3.7
eslint-module-utils,2.8.0
eslint-plugin-flowtype,8.0.3
eslint-plugin-import,2.27.5
eslint-plugin-jest,25.7.0
eslint-plugin-jsx-a11y,6.7.1
eslint-plugin-react,7.32.2
eslint-plugin-react-hooks,4.6.0
eslint-plugin-testing-library,5.11.0
eslint-scope,5.1.1
eslint-visitor-keys,2.1.0
eslint-visitor-keys,3.4.1
eslint-webpack-plugin,3.2.0
esprima,4.0.1
esrecurse,4.3.0
estraverse,4.3.0
estraverse,5.3.0
estree-walker,1.0.1
esutils,2.0.3
eventemitter2,4.1.2
expect,30.2.0
fast-deep-equal,3.1.3
fast-glob,3.3.0
fast-json-stable-stringify,2.1.0
fast-uri,3.1.0
fb-watchman,2.0.2
file-loader,6.2.0
filelist,1.0.4
filesize,8.0.7
find-cache-dir,3.3.2
find-up,3.0.0
find-up,4.1.0
find-up,5.0.0
foreground-child,3.3.1
fork-ts-checker-webpack-plugin,6.5.3
fraction.js,4.2.0
fs-extra,10.1.0
fs-extra,9.1.0
fs-monkey,1.0.4
fs.realpath,1.0.0
fsevents,2.3.2
function-bind,1.1.2
functions-have-names,1.2.3
gensync,1.0.0-beta.2
get-intrinsic,1.3.0
get-own-enumerable-property-symbols,3.0.2
get-package-type,0.1.0
get-proto,1.0.1
glob,11.1.0
glob,7.1.6
glob,7.2.3
glob-parent,6.0.2
global-modules,2.0.0
global-prefix,3.0.0
globals,11.12.0
globby,11.1.0
gopd,1.2.0
graceful-fs,4.2.11
grapheme-splitter,1.0.4
gzip-size,6.0.0
handlebars,4.7.8
harmony-reflect,1.6.2
has,1.0.3
has-flag,3.0.0
has-flag,4.0.0
has-symbols,1.1.0
has-tostringtag,1.0.2
hasown,2.0.2
he,1.2.0
headers-utils,3.0.2
hoopy,0.1.4
html-entities,2.4.0
html-minifier-terser,6.1.0
html-webpack-plugin,5.5.3
htmlparser2,10.0.0
htmlparser2,6.1.0
iconv-lite,0.6.3
icss-utils,5.1.0
idb,7.1.1
identity-obj-proxy,3.0.0
iframe-resizer,4.4.5
ignore,5.2.4
immer,9.0.21
import-fresh,3.3.0
indent-string,4.0.0
inflight,1.0.6
inherits,2.0.4
ini,1.3.8
internal-slot,1.0.5
is-core-module,2.12.1
is-docker,2.2.1
is-fullwidth-code-point,3.0.0
is-glob,4.0.3
is-module,1.0.0
is-obj,1.0.1
is-regexp,1.0.0
is-root,2.1.0
is-stream,2.0.1
is-string,1.0.7
is-wsl,2.2.0
isexe,2.0.0
istanbul-lib-coverage,3.2.0
istanbul-lib-instrument,5.2.1
jackspeak,4.1.1
jake,10.8.7
jest,27.5.1
jest-diff,30.2.0
jest-get-type,27.5.1
jest-haste-map,27.5.1
jest-matcher-utils,30.2.0
jest-message-util,28.1.3
jest-message-util,30.2.0
jest-mock,30.2.0
jest-pnp-resolver,1.2.3
jest-regex-util,27.5.1
jest-regex-util,28.0.2
jest-regex-util,30.0.1
jest-resolve,27.5.1
jest-serializer,27.5.1
jest-util,27.5.1
jest-util,28.1.3
jest-util,30.2.0
jest-validate,27.5.1
jest-watch-typeahead,1.1.0
jest-watcher,28.1.3
jest-worker,26.6.2
jest-worker,27.5.1
jest-worker,28.1.3
jiti,1.18.2
js-yaml,3.14.1
jsesc,0.5.0
json-schema,0.4.0
json-schema-traverse,1.0.0
json5,1.0.2
json5,2.2.3
jsonfile,6.1.0
jsonpointer,5.0.1
jsx-ast-utils,3.3.4
kind-of,6.0.3
kleur,3.0.3
klona,2.0.6
language-subtag-registry,0.3.22
language-tags,1.0.5
leven,3.1.0
lilconfig,2.1.0
lines-and-columns,1.1.6
linkify-it,2.2.0
linkify-it,5.0.0
loader-utils,2.0.4
loader-utils,3.2.1
locate-path,3.0.0
locate-path,5.0.0
lodash,4.17.21
lodash.debounce,4.0.8
lodash.memoize,4.1.2
lodash.sortby,4.7.0
lodash.uniq,4.5.0
loose-envify,1.4.0
lower-case,2.0.2
lru-cache,11.2.4
lru-cache,5.1.1
lz-string,1.5.0
magic-string,0.25.9
make-dir,3.1.0
make-error,1.3.6
makeerror,1.0.12
markdown-it,14.1.0
math-intrinsics,1.1.0
mdn-data,2.0.14
mdn-data,2.0.4
mdurl,2.0.0
memfs,3.5.3
memoize-one,6.0.0
merge-stream,2.0.0
merge2,1.4.1
micromatch,4.0.8
mime-db,1.52.0
mime-types,2.1.35
min-indent,1.0.1
mini-css-extract-plugin,2.7.6
minimatch,10.1.1
minimatch,3.1.2
minimatch,5.1.6
minimist,1.2.8
minipass,7.1.2
mkdirp,0.5.5
ms,2.0.0
ms,2.1.2
mz,2.7.0
natural-compare-lite,1.4.0
neo-async,2.6.2
no-case,3.0.4
node-int64,0.4.0
normalize-path,3.0.0
normalize-range,0.1.2
normalize-url,6.1.0
nth-check,1.0.2
nth-check,2.1.1
object-assign,4.1.1
object-hash,3.0.0
object-keys,1.1.1
object.assign,4.1.4
object.entries,1.1.6
object.fromentries,2.0.6
object.getownpropertydescriptors,2.1.2
object.hasown,1.1.2
object.values,1.1.6
once,1.4.0
open,8.4.2
p-limit,2.3.0
p-locate,3.0.0
p-locate,4.1.0
p-try,2.2.0
package-json-from-dist,1.0.1
param-case,3.0.4
parse-json,5.2.0
parse5,7.3.0
parse5-htmlparser2-tree-adapter,7.1.0
parse5-parser-stream,7.1.2
pascal-case,3.1.2
path-exists,3.0.0
path-exists,4.0.0
path-is-absolute,1.0.1
path-parse,1.0.7
path-scurry,2.0.1
path-type,4.0.0
performance-now,2.1.0
picocolors,0.2.1
picocolors,1.1.1
picomatch,2.3.1
pify,2.3.0
pirates,4.0.6
pkg-dir,4.2.0
pkg-up,3.1.0
playwright,1.58.0
playwright-core,1.58.0
postcss,7.0.39
postcss,8.5.6
postcss-attribute-case-insensitive,5.0.2
postcss-browser-comments,4.0.0
postcss-calc,8.2.4
postcss-clamp,4.1.0
postcss-color-functional-notation,4.2.4
postcss-color-hex-alpha,8.0.4
postcss-color-rebeccapurple,7.1.1
postcss-colormin,5.3.1
postcss-convert-values,5.1.3
postcss-custom-media,8.0.2
postcss-custom-properties,12.1.11
postcss-custom-selectors,6.0.3
postcss-dir-pseudo-class,6.0.5
postcss-discard-comments,5.1.2
postcss-discard-duplicates,5.1.0
postcss-discard-empty,5.1.1
postcss-discard-overridden,5.1.0
postcss-double-position-gradients,3.1.2
postcss-env-function,4.0.6
postcss-flexbugs-fixes,5.0.2
postcss-focus-visible,6.0.4
postcss-focus-within,5.0.4
postcss-font-variant,5.0.0
postcss-gap-properties,3.0.5
postcss-image-set-function,4.0.7
postcss-import,15.1.0
postcss-initial,4.0.1
postcss-js,4.0.1
postcss-lab-function,4.2.1
postcss-load-config,4.0.1
postcss-loader,6.2.1
postcss-logical,5.0.4
postcss-media-minmax,5.0.0
postcss-merge-longhand,5.1.7
postcss-merge-rules,5.1.4
postcss-minify-font-values,5.1.0
postcss-minify-gradients,5.1.1
postcss-minify-params,5.1.4
postcss-minify-selectors,5.2.1
postcss-modules-extract-imports,3.0.0
postcss-modules-local-by-default,4.0.3
postcss-modules-scope,3.0.0
postcss-modules-values,4.0.0
postcss-nested,6.0.1
postcss-nesting,10.2.0
postcss-normalize,10.0.1
postcss-normalize-charset,5.1.0
postcss-normalize-display-values,5.1.0
postcss-normalize-positions,5.1.1
postcss-normalize-repeat-style,5.1.1
postcss-normalize-string,5.1.0
postcss-normalize-timing-functions,5.1.0
postcss-normalize-unicode,5.1.1
postcss-normalize-url,5.1.0
postcss-normalize-whitespace,5.1.1
postcss-opacity-percentage,1.1.3
postcss-ordered-values,5.1.3
postcss-overflow-shorthand,3.0.4
postcss-page-break,3.0.4
postcss-place,7.0.5
postcss-preset-env,7.8.3
postcss-pseudo-class-any-link,7.1.6
postcss-reduce-initial,5.1.2
postcss-reduce-transforms,5.1.0
postcss-replace-overflow-wrap,4.0.0
postcss-selector-not,6.0.1
postcss-selector-parser,6.0.13
postcss-svgo,5.1.0
postcss-unique-selectors,5.1.1
postcss-value-parser,4.2.0
pretty-bytes,5.6.0
pretty-error,4.0.0
pretty-format,27.5.1
pretty-format,28.1.3
pretty-format,30.2.0
promise,8.3.0
prompts,2.4.2
prop-types,15.8.1
prosemirror-commands,1.6.2
prosemirror-dropcursor,1.8.1
prosemirror-history,1.4.1
prosemirror-keymap,1.2.2
prosemirror-markdown,1.13.1
prosemirror-model,1.24.1
prosemirror-state,1.4.3
prosemirror-transform,1.10.2
prosemirror-utils,1.2.2
prosemirror-view,1.37.1
punycode,2.3.0
punycode.js,2.3.1
q,1.5.1
raf,3.4.1
randombytes,2.1.0
react,18.3.1
react-app-polyfill,3.0.0
react-dev-utils,12.0.1
react-dom,18.3.1
react-error-overlay,6.0.11
react-fast-compare,3.2.2
react-is,16.13.1
react-is,17.0.2
react-is,18.2.0
react-popper,2.3.0
react-refresh,0.11.0
react-scripts,5.0.1
react-uid,2.4.0
read-cache,1.0.0
recursive-readdir,2.2.3
redent,3.0.0
regenerate,1.4.2
regenerate-unicode-properties,10.1.0
regenerator-runtime,0.13.11
regenerator-transform,0.15.1
regex-parser,2.2.11
regexp.prototype.flags,1.5.0
regexpu-core,5.3.2
regjsparser,0.9.1
relateurl,0.2.7
renderkid,3.0.0
require-from-string,2.0.2
resolve,1.22.2
resolve,2.0.0-next.4
resolve-from,5.0.0
resolve-url-loader,4.0.0
resolve.exports,1.1.1
rollup,2.79.2
rollup-plugin-terser,7.0.2
rope-sequence,1.3.4
safe-buffer,5.1.2
safer-buffer,2.1.2
sanitize.css,13.0.0
sass-loader,12.6.0
sax,1.2.4
schema-utils,2.7.0
schema-utils,2.7.1
schema-utils,3.3.0
schema-utils,4.2.0
schema-utils,4.3.2
semver,6.3.1
semver,7.7.3
serialize-javascript,4.0.0
serialize-javascript,6.0.2
shell-quote,1.8.1
side-channel,1.1.0
signal-exit,4.1.0
sisteransi,1.0.5
slash,3.0.0
slash,4.0.0
source-list-map,2.0.1
source-map,0.6.1
source-map,0.7.4
source-map,0.8.0-beta.0
source-map-js,1.2.1
source-map-loader,3.0.2
sourcemap-codec,1.4.8
sprintf-js,1.0.3
stable,0.1.8
stack-utils,2.0.6
stackframe,1.3.4
string-length,4.0.2
string-length,5.0.1
string-natural-compare,3.0.1
string-width,4.2.3
string-width,5.1.2
string-width-cjs,4.2.3
string.prototype.matchall,4.0.8
stringify-object,3.3.0
strip-ansi,6.0.1
strip-ansi,7.1.0
strip-ansi,7.1.2
strip-ansi-cjs,6.0.1
strip-bom,3.0.0
strip-comments,2.0.1
strip-indent,3.0.0
style-loader,3.3.3
stylehacks,5.1.1
sucrase,3.32.0
supports-color,5.5.0
supports-color,7.2.0
supports-color,8.1.1
supports-preserve-symlinks-flag,1.0.0
svgo,1.3.2
svgo,2.8.0
tailwindcss,3.3.2
tapable,1.1.3
tapable,2.2.1
temp-dir,2.0.0
tempy,0.6.0
terser,5.43.1
terser-webpack-plugin,5.3.14
test-exclude,6.0.0
text-table,0.2.0
thenify,3.3.1
thenify-all,1.6.0
tiny-invariant,1.3.3
tmpl,1.0.5
tr46,1.0.1
tryer,1.0.1
ts-interface-checker,0.1.13
ts-jest,29.4.6
tsconfig-paths,3.14.2
tslib,2.6.0
tslib,2.8.1
tsutils,3.21.0
type-fest,0.16.0
type-fest,0.21.3
type-fest,4.41.0
typescript,5.9.3
uc.micro,1.0.6
uc.micro,2.1.0
uglify-js,3.19.3
undici,7.16.0
unicode-canonical-property-names-ecmascript,2.0.0
unicode-match-property-ecmascript,2.0.0
unicode-match-property-value-ecmascript,2.1.0
unicode-property-aliases-ecmascript,2.1.0
unique-string,2.0.0
universalify,2.0.0
unquote,1.1.1
upath,1.2.0
uri-js,4.4.1
use-memo-one,1.1.3
util.promisify,1.0.1
utila,0.4.0
uuid,9.0.1
w3c-keyname,2.2.8
walker,1.0.8
warning,4.0.3
webidl-conversions,4.0.2
webpack,5.100.2
webpack-dev-server,4.15.2
webpack-manifest-plugin,4.1.1
webpack-sources,1.4.3
webpack-sources,2.3.1
whatwg-encoding,3.1.1
whatwg-fetch,3.6.2
whatwg-mimetype,4.0.0
whatwg-url,7.1.0
which,1.3.1
wordwrap,1.0.0
workbox-background-sync,6.6.0
workbox-broadcast-update,6.6.0
workbox-build,6.6.0
workbox-cacheable-response,6.6.0
workbox-core,6.6.0
workbox-expiration,6.6.0
workbox-google-analytics,6.6.0
workbox-navigation-preload,6.6.0
workbox-precaching,6.6.0
workbox-range-requests,6.6.0
workbox-recipes,6.6.0
workbox-routing,6.6.0
workbox-strategies,6.6.0
workbox-streams,6.6.0
workbox-sw,6.6.0
workbox-webpack-plugin,6.6.0
workbox-window,6.6.0
wrap-ansi,8.1.0
wrap-ansi-cjs,7.0.0
yallist,3.1.1
yaml,1.10.2
yaml,2.3.1
yaml,2.8.2
yargs-parser,21.1.1
